Tipologia,Tipologia funzionamento,Tipologia scambio,Denominazione Commerciale,Marca,Modello,Identificativo modello unità esterna,Identificativo modello unità interna,Potenza termica [kWt],Presenza inverter,COP,GUE,Emissioni NO2
2.A,Elettrica,aria/acqua,aria/acqua,VIESSMANN,Vitocal 250-A .A04,AWO-M-E-AC-AF 04,Vitocal 250-A,"4,00",SI,"5,10",,
2.A,Elettrica,aria/acqua,aria/acqua,VIESSMANN,Vitocal 252-A .A04,AWOT-M-E-AC-AF 04,Vitocal 252-A,"4,00",SI,"5,10",,
2.A,Elettrica,Aria/acqua,Aria/acqua,VIESSMANN,Vitocal 100-S .B04,Vitocal 100-S/Vitocal 111-S,Vitocal 100,"4,10",SI,"5,10",,
2.A,Elettrica,Aria/acqua,Aria/acqua,VIESSMANN,Vitocal 111-S .B04,Vitocal 100-S/Vitocal 111-S,Vitocal 111,"4,10",SI,"5,10",,
2.A,Elettrica,Aria/acqua,Aria/acqua,VIESSMANN,Vitocal 200-S 201.D04 (monofase),,,"4,20",SI,"4,55",,
2.A,Elettrica,Aria/acqua,Aria/acqua,VIESSMANN,Vitocal 222-S 221.C04 (monofase),,,"4,20",SI,"4,55",,
2.A,Elettrica,Aria/acqua,Aria/acqua,VIESSMANN,Vitocal 200-S 04 (monofase),,,"4,5",SI,"4,64",,
2.A,Elettrica,Aria/acqua,Aria/acqua,VIESSMANN,Vitocal 222-S 04 (monofase),,,"4,5",SI,"4,64",,
2.A,Elettrica,Aria/acqua,Aria/acqua,VIESSMANN,Vitocal 242-S 04 (monofase),,,"4,5",SI,"4,64",,
2.A,Elettrica,Aria/acqua,Aria/acqua,VIESSMANN,Vitocal 250-S 04 (monofase),,,"4,5",SI,"4,64",,
2.A,Elettrica,Aria/acqua,Aria/acqua,VIESSMANN,Vitocal 100-S 04 (monofase),,,"4,54",SI,"4,55",,
2.A,Elettrica,Aria/acqua,Aria/acqua,VIESSMANN,Vitocal 111-S 04 (monofase),,,"4,54",SI,"4,55",,
2.A,Elettrica,Aria/acqua,Aria/acqua,VIESSMANN,Vitocal 200-A 201.A06 (monofase),,,"4,83",SI,"4,72",,
2.A,Elettrica,Aria/acqua,Aria/acqua,VIESSMANN,Vitocal 200-A 07 (trifase),,,"5,16",SI,"4,77",,
2.A,Elettrica,Aria/acqua,Aria/acqua,VIESSMANN,Vitocal 200-A 201.A08 (monofase),,,"5,62",SI,"4,71",,
2.A,Elettrica,Aria/acqua,Aria/acqua,VIESSMANN,Vitocal 100-S .B06,Vitocal 100-S/Vitocal 111-S,Vitocal 100,"6,00",SI,"4,90",,
2.A,Elettrica,Aria/acqua,Aria/acqua,VIESSMANN,Vitocal 111-S .B06,Vitocal 100-S/Vitocal 111-S,Vitocal 111,"6,00",SI,"4,90",,
2.A,Elettrica,aria/acqua,aria/acqua,VIESSMANN,Vitocal 150-A .A06,AWO-M-E-AC-AF 06,Vitocal 150-A,"6,00",SI,"4,70",,
2.A,Elettrica,aria/acqua,aria/acqua,VIESSMANN,Vitocal 151-A .A06,AWOT-M-E-AC-AF 06,Vitocal 151-A,"6,00",SI,"4,70",,
2.A,Elettrica,aria/acqua,aria/acqua,VIESSMANN,Vitocal 250-A .A06,AWO-M-E-AC-AF 06,Vitocal 250-A,"6,00",SI,"5,00",,
2.A,Elettrica,aria/acqua,aria/acqua,VIESSMANN,Vitocal 252-A .A06,AWOT-M-E-AC-AF 06,Vitocal 252-A,"6,00",SI,"5,00",,
2.A,Elettrica,Aria/acqua,Aria/acqua,VIESSMANN,Vitocal 100-A 6 kW,AWO-M-AC1 01.A06,,"6,08",SI,"4,51",,
2.A,Elettrica,Aria/acqua,Aria/acqua,VIESSMANN,Vitocal 100-S 06 (monofase),,,"6,13",SI,"4,81",,
2.A,Elettrica,Aria/acqua,Aria/acqua,VIESSMANN,Vitocal 111-S 06 (monofase),,,"6,13",SI,"4,891",,
2.A,Elettrica,Aria/acqua,Aria/acqua,VIESSMANN,Vitocal 200-S 201.D06 (monofase),,,"6,30",SI,"4,41",,
2.A,Elettrica,Aria/acqua,Aria/acqua,VIESSMANN,Vitocal 222-S 221.C06 (monofase),,,"6,30",SI,"4,41",,
2.A,Elettrica,Aria/acqua,Aria/acqua,VIESSMANN,Energycal 06 (monofase),,,"6,57",SI,"4,47",,
2.A,Elettrica,Aria/acqua,Aria/acqua,VIESSMANN,Vitocal 200-A PRO AA-ID,-,6,"6,90",SI,"4,06",,
2.A,Elettrica,Aria/acqua,Aria/acqua,VIESSMANN,Vitocal 200-A 201.A10 (monofase),,,"7,01",SI,"4,69",,
2.A,Elettrica,Aria/acqua,Aria/acqua,VIESSMANN,Vitocal 200-A PRO AA-ID 6,Vitocal 200-A PRO,Vitocal 200,"7,10",SI,"4,10",,
2.A,Elettrica,Aria/acqua,Aria/acqua,VIESSMANN,Vitocal 300-A AWO-AC B11 (trifase),,,"7,21",SI,5,,
2.A,elettrica,aria/acqua,aria/acqua,VIESSMANN,Vitocal 200-S 6 kW,AWB-M-E-AC-AF 201.E06,Vitocal 200-S 6 kW,"7,40",SI,"4,97",,
2.A,Elettrica,Aria/acqua,Aria/acqua,VIESSMANN,Vitocal 200-A 10 (trifase),,,"7,48",SI,"4,7",,
2.A,Elettrica,Aria/acqua,Aria/acqua,VIESSMANN,Vitocal 200-S 201.D08 (monofase),,,"7,54",SI,"4,52",,
2.A,Elettrica,Aria/acqua,Aria/acqua,VIESSMANN,Vitocal 222-S 221.C08 (monofase),,,"7,54",SI,"4,52",,
2.A,Elettrica,Aria/acqua,Aria/acqua,VIESSMANN,Vitocal 200-A 201.A10 (trifase),,,"7,58",SI,"5,01",,
2.A,Elettrica,Aria/acqua,Aria/acqua,VIESSMANN,Vitocal 200-S 201.D10 (trifase),,,"7,58",SI,"5,01",,
2.A,Elettrica,Aria/acqua,Aria/acqua,VIESSMANN,Vitocal 200-S 07 (monofase),,,"7,6",SI,"4,3",,
2.A,Elettrica,Aria/acqua,Aria/acqua,VIESSMANN,Vitocal 222-S 07 (monofase),,,"7,6",SI,"4,3",,
2.A,Elettrica,Aria/acqua,Aria/acqua,VIESSMANN,Vitocal 242-S 07 (monofase),,,"7,6",SI,"4,3",,
2.A,Elettrica,Aria/acqua,Aria/acqua,VIESSMANN,Vitocal 250-S 07 (monofase),,,"7,6",SI,"4,3",,
2.A,Elettrica,Aria/acqua,Aria/acqua,VIESSMANN,Vitocal 100-A 8 kW,AWO-M-AC1 01.A08,,"7,81",SI,"4,38",,
2.A,Elettrica,Aria/acqua,Aria/acqua,VIESSMANN,Vitocal 200-A 201.A13 (monofase),,,"7,85",SI,"4,72",,
2.A,Elettrica,Aria/acqua,Aria/acqua,VIESSMANN,Vitocal 300-A AWO-AC B14 (trifase),,,"7,97",SI,5,,
2.A,Elettrica,aria/acqua,aria/acqua,VIESSMANN,Vitocal 150-A .A08,AWO-M-E-AC-AF 08,Vitocal 150-A,"8,00",SI,"4,50",,
2.A,Elettrica,aria/acqua,aria/acqua,VIESSMANN,Vitocal 151-A .A08,AWOT-M-E-AC-AF 08,Vitocal 151-A,"8,00",SI,"4,50",,
2.A,Elettrica,aria/acqua,aria/acqua,VIESSMANN,Vitocal 250-A .A08,AWO-M-E-AC-AF 08,Vitocal 250-A,"8,00",SI,"4,70",,
2.A,Elettrica,aria/acqua,aria/acqua,VIESSMANN,Vitocal 252-A .A08,AWOT-M-E-AC-AF 08,Vitocal 252-A,"8,00",SI,"4,70",,
2.A,Elettrica,Aria/acqua,Aria/acqua,VIESSMANN,Energycal 08,,,"8,01",SI,"4,33",,
2.A,Elettrica,Aria/acqua,Aria/acqua,VIESSMANN,Vitocal 100-S .B08,Vitocal 100-S/Vitocal 111-S,Vitocal 100,"8,10",SI,"4,70",,
2.A,Elettrica,Aria/acqua,Aria/acqua,VIESSMANN,Vitocal 111-S .B08,Vitocal 100-S/Vitocal 111-S,Vitocal 111,"8,10",SI,"4,70",,
2.A,Elettrica,Aria/acqua,Aria/acqua,VIESSMANN,Vitocal 100-S 08 (monofase),,,"8,2",SI,"4,55",,
2.A,Elettrica,Aria/acqua,Aria/acqua,VIESSMANN,Vitocal 111-S 08 (monofase),,,"8,2",SI,"4,55",,
2.A,Elettrica,Aria/acqua,Aria/acqua,VIESSMANN,Vitocal 200-S 201.D13 (trifase),,,"8,61",SI,"4,87",,
2.A,Elettrica,Aria/acqua,Aria/acqua,VIESSMANN,Vitocal 200-A 201.A16 (monofase),,,"8,64",SI,"4,54",,
2.A,Elettrica,Aria/acqua,Aria/acqua,VIESSMANN,Vitocal 200-A 201.A13 (trifase),,,"8,88",SI,"4,99",,
2.A,Elettrica,Aria/acqua,Aria/acqua,VIESSMANN,Vitocal 200-A PRO AA-ID,-,8,"9,00",SI,"4,09",,
2.A,elettrica,aria/acqua,aria/acqua,VIESSMANN,Vitocal 200-S 8 kW,AWB-M-E-AC-AF 201.E08,Vitocal 200-S 8 kW,"9,00",SI,"4,74",,
2.A,Elettrica,Aria/acqua,Aria/acqua,VIESSMANN,Vitocal 200-A PRO AA-ID 8,Vitocal 200-A PRO,Vitocal 200,"9,20",SI,"4,10",,
2.A,Elettrica,Aria/acqua,Aria/acqua,VIESSMANN,Energycal 10 (monofase),,,10,SI,"4,43",,
2.A,Elettrica,Aria/acqua,Aria/acqua,VIESSMANN,Vitocal 100-A 10 kW,AWO-M-AC1 01.A10,,"10,10",SI,"4,43",,
2.A,Elettrica,Aria/acqua,Aria/acqua,VIESSMANN,Vitocal 200-A 201.A16 (trifase),,,"10,11",SI,"4,95",,
2.A,Elettrica,Aria/acqua,Aria/acqua,VIESSMANN,Vitocal 200-S 201.D16 (trifase),,,"10,11",SI,"4,95",,
2.A,Elettrica,Aria/acqua,Aria/acqua,VIESSMANN,Vitocal 200-S 10 (trifase),,,"10,16",SI,"5,08",,
2.A,Elettrica,Aria/acqua,Aria/acqua,VIESSMANN,Vitocal 222-S 10 (trifase),,,"10,16",SI,"5,08",,
2.A,Elettrica,Aria/acqua,Aria/acqua,VIESSMANN,Vitocal 242-S 10 (trifase),,,"10,16",SI,"5,08",,
2.A,Elettrica,Aria/acqua,Aria/acqua,VIESSMANN,Vitocal 250-S 10 (trifase),,,"10,16",SI,"5,08",,
2.A,elettrica,aria/acqua,aria/acqua,VIESSMANN,Vitocal 200-S 10 kW,AWB-M-E-AC-AF 201.E10,Vitocal 200-S 10 kW,"10,40",SI,"4,10",,
2.A,Elettrica,Aria/acqua,Aria/acqua,VIESSMANN,Vitocal 200-S 10 (monofase),,,"10,9",SI,"4,62",,
2.A,Elettrica,Aria/acqua,Aria/acqua,VIESSMANN,Vitocal 222-S 10 (monofase),,,"10,9",SI,"4,62",,
2.A,Elettrica,Aria/acqua,Aria/acqua,VIESSMANN,Vitocal 242-S 10 (monofase),,,"10,9",SI,"4,62",,
2.A,Elettrica,Aria/acqua,Aria/acqua,VIESSMANN,Vitocal 250-S 10 (monofase),,,"10,9",SI,"4,62",,
2.A,Elettrica,Aria/acqua,Aria/acqua,VIESSMANN,Vitocal 200-A PRO AA-ID,-,9,"11,20",SI,"4,00",,
2.A,Elettrica,Aria/acqua,Aria/acqua,VIESSMANN,Vitocal 200-A PRO AA-ID 9,Vitocal 200-A PRO,Vitocal 200,"11,40",SI,"4,00",,
2.A,Elettrica,Aria/acqua,Aria/acqua,VIESSMANN,Vitocal 100-S 12 (monofase),,,"11,5",SI,"4,7",,
2.A,Elettrica,Aria/acqua,Aria/acqua,VIESSMANN,Vitocal 100-S 12 (trifase),,,"11,5",SI,"4,45",,
2.A,Elettrica,Aria/acqua,Aria/acqua,VIESSMANN,Vitocal 111-S 12 (monofase),,,"11,5",SI,"4,7",,
2.A,Elettrica,Aria/acqua,Aria/acqua,VIESSMANN,Vitocal 111-S 12 (trifase),,,"11,5",SI,"4,45",,
2.A,Elettrica,Aria/acqua,Aria/acqua,VIESSMANN,Vitocal 100-A 12 kW,AWO-M-AC1 01.A12,,"11,80",SI,"4,32",,
2.A,elettrica,aria/acqua,aria/acqua,VIESSMANN,Vitocal 250-A 10 kW,AWO(-M)-E-AC-AF 251.A10,Vitocal 250-A 10 kW,"12,00",SI,"4,40",,
2.A,elettrica,aria/acqua,aria/acqua,VIESSMANN,Vitocal 252-A 10 kW,AWOT(-M)-E-AC-AF 251.A10,Vitocal 252-A 10 kW,"12,00",SI,"4,40",,
2.A,elettrica,aria/acqua,aria/acqua,VIESSMANN,Vitocal 150-A 10 kW,AWO(-M)-E-AC-AF 151.A10,Vitocal 150-A 10 kW,"12,00",SI,"4,40",,
2.A,elettrica,aria/acqua,aria/acqua,VIESSMANN,Vitocal 151-A 10 kW,AWOT(-M)-E-AC-AF 151.A10,Vitocal 151-A 10 kW,"12,00",SI,"4,40",,
2.A,Elettrica,Aria/acqua,Aria/acqua,VIESSMANN,Vitocal 200-S 13 (trifase),,,"12,07",SI,"4,69",,
2.A,Elettrica,Aria/acqua,Aria/acqua,VIESSMANN,Vitocal 222-S 13 (trifase),,,"12,07",SI,"4,69",,
2.A,Elettrica,Aria/acqua,Aria/acqua,VIESSMANN,Vitocal 242-S 13 (trifase),,,"12,07",SI,"4,69",,
2.A,Elettrica,Aria/acqua,Aria/acqua,VIESSMANN,Vitocal 250-S 13 (trifase),,,"12,07",SI,"4,69",,
2.A,Elettrica,Aria/acqua,Aria/acqua,VIESSMANN,Energycal 12,,,"12,10",SI,"4,19",,
2.A,Elettrica,Aria/acqua,Aria/acqua,VIESSMANN,Vitocal 200-S 201.D10 (monofase),,,"12,60",SI,"4,80",,
2.A,Elettrica,Aria/acqua,Aria/acqua,VIESSMANN,Vitocal 222-S 221.C10 (monofase),,,"12,60",SI,"4,80",,
2.A,elettrica,aria/acqua,aria/acqua,VIESSMANN,Vitocal 250-A 13 kW,AWO(-M)-E-AC-AF 251.A13,Vitocal 250-A 13 kW,"13,40",SI,"4,15",,
2.A,elettrica,aria/acqua,aria/acqua,VIESSMANN,Vitocal 252-A 13 kW,AWOT(-M)-E-AC-AF 251.A13,Vitocal 252-A 13 kW,"13,40",SI,"4,15",,
2.A,elettrica,aria/acqua,aria/acqua,VIESSMANN,Vitocal 150-A 13 kW,AWO(-M)-E-AC-AF 151.A13,Vitocal 150-A 13 kW,"13,40",SI,"4,15",,
2.A,elettrica,aria/acqua,aria/acqua,VIESSMANN,Vitocal 151-A 13 kW,AWOT(-M)-E-AC-AF 151.A13,Vitocal 151-A 13 kW,"13,40",SI,"4,15",,
2.A,Elettrica,Aria/acqua,Aria/acqua,VIESSMANN,Vitocal 100-S 14 (monofase),,,"13,5",SI,"4,67",,
2.A,Elettrica,Aria/acqua,Aria/acqua,VIESSMANN,Vitocal 100-S 14 (trifase),,,"13,5",SI,"4,5",,
2.A,Elettrica,Aria/acqua,Aria/acqua,VIESSMANN,Vitocal 111-S 14 (monofase),,,"13,5",SI,"4,67",,
2.A,Elettrica,Aria/acqua,Aria/acqua,VIESSMANN,Vitocal 111-S 14 (trifase),,,"13,5",SI,"4,5",,
2.A,Elettrica,Aria/acqua,Aria/acqua,VIESSMANN,Vitocal 222-S 221.C10 (trifase),,,"13,60",SI,"4,92",,
2.A,Elettrica,Aria/acqua,Aria/acqua,VIESSMANN,Vitocal 200-S 201.D10 (trifase),,,"13,60",SI,"4,92",,
2.A,Elettrica,Aria/acqua,Aria/acqua,VIESSMANN,Vitocal 200-S 201.D13 (monofase),,,"13,70",SI,"4,69",,
2.A,Elettrica,Aria/acqua,Aria/acqua,VIESSMANN,Vitocal 222-S 221.C13 (monofase),,,"13,70",SI,"4,69",,
2.A,Elettrica,Aria/acqua,Aria/acqua,VIESSMANN,Energycal 14 (monofase),,,"13,76",SI,"4,3",,
2.A,Elettrica,Aria/acqua,Aria/acqua,VIESSMANN,Energycal 14 T (trifase),,,"13,76",SI,"4,30",,
2.A,Elettrica,Aria/acqua,Aria/acqua,VIESSMANN,Vitocal 100-A 14 kW,AWO-M-AC1 01.A14,,"14,10",SI,"4,85",,
2.A,Elettrica,Aria/acqua,Aria/acqua,VIESSMANN,Vitocal 100-A 14 kW,AWO-AC 101.A14,,"14,10",SI,"4,85",,
2.A,Elettrica,Aria/acqua,Aria/acqua,VIESSMANN,Vitocal 222-S 221.C13 (trifase),,,"14,20",SI,"4,80",,
2.A,Elettrica,Aria/acqua,Aria/acqua,VIESSMANN,Vitocal 200-S 201.D13 (trifase),,,"14,20",SI,"4,80",,
2.A,Elettrica,Aria/acqua,Aria/acqua,VIESSMANN,Vitocal 200-S 201.D16 (monofase),,,"14,30",SI,"4,70",,
2.A,Elettrica,Aria/acqua,Aria/acqua,VIESSMANN,Vitocal 222-S 221.C16 (monofase),,,"14,30",SI,"4,70",,
2.A,Elettrica,Aria/acqua,Aria/acqua,VIESSMANN,Vitocal 200-S 13 (monofase),,,"14,6",SI,"4,29",,
2.A,Elettrica,Aria/acqua,Aria/acqua,VIESSMANN,Vitocal 222-S 13 (monofase),,,"14,6",SI,"4,29",,
2.A,Elettrica,Aria/acqua,Aria/acqua,VIESSMANN,Vitocal 242-S 13 (monofase),,,"14,6",SI,"4,29",,
2.A,Elettrica,Aria/acqua,Aria/acqua,VIESSMANN,Vitocal 222-S 221.C16 (trifase),,,"14,70",SI,"4,66",,
2.A,Elettrica,Aria/acqua,Aria/acqua,VIESSMANN,Vitocal 200-S 201.D16 (trifase),,,"14,70",SI,"4,66",,
2.A,elettrica,aria/acqua,aria/acqua,VIESSMANN,Vitocal 150-A 16 kW,AWO(-M)-E-AC-AF 151.A16,Vitocal 150-A 16 kW,"14,90",SI,"4,10",,
2.A,elettrica,aria/acqua,aria/acqua,VIESSMANN,Vitocal 151-A 16 kW,AWOT(-M)-E-AC-AF 151.A16,Vitocal 151-A 16 kW,"14,90",SI,"4,10",,
2.A,Elettrica,Aria/acqua,Aria/acqua,VIESSMANN,Energycal 16 (monofase),,,"15,21",SI,"4,41",,
2.A,Elettrica,Aria/acqua,Aria/acqua,VIESSMANN,Energycal 16 (trifase),,,"15,21",SI,"4,41",,
2.A,Elettrica,Aria/acqua,Aria/acqua,VIESSMANN,Vitocal 100-S 16 (monofase),,,"15,5",SI,"4,53",,
2.A,Elettrica,Aria/acqua,Aria/acqua,VIESSMANN,Vitocal 111-S 16 (monofase),,,"15,5",SI,"4,53",,
2.A,Elettrica,Aria/acqua,Aria/acqua,VIESSMANN,Vitocal 200-S 16 (trifase),,,"15,5",SI,"4,11",,
2.A,Elettrica,Aria/acqua,Aria/acqua,VIESSMANN,Vitocal 222-S 16 (trifase),,,"15,5",SI,"4,11",,
2.A,Elettrica,Aria/acqua,Aria/acqua,VIESSMANN,Vitocal 242-S 16 (trifase),,,"15,5",SI,"4,11",,
2.A,Elettrica,Aria/acqua,Aria/acqua,VIESSMANN,Vitocal 250-S 16 (trifase),,,"15,5",SI,"4,11",,
2.A,Elettrica,Aria/acqua,Aria/acqua,VIESSMANN,Vitocal 100-S 16 (trifase),,,"15,74",SI,"4,37",,
2.A,Elettrica,Aria/acqua,Aria/acqua,VIESSMANN,Vitocal 111-S 16 (trifase),,,"15,74",SI,"4,37",,
2.A,Elettrica,Aria/acqua,Aria/acqua,VIESSMANN,Vitocal 100-A 16 kW,AWO-M-AC1 01.A16,,"16,30",SI,"4,67",,
2.A,Elettrica,Aria/acqua,Aria/acqua,VIESSMANN,Vitocal 100-A 16 kW,AWO-AC 101.A16,,"16,30",SI,"4,67",,
2.A,Elettrica,Aria/acqua,Aria/acqua,VIESSMANN,Vitocal 100-A 18 kW,AWO-AC(-AF) 101.A18,,"17,90",SI,"4,40",,
2.A,Elettrica,Aria/acqua,Aria/acqua,VIESSMANN,Vitocal 200-A PRO AA-ID 16,Vitocal 200-A PRO,Vitocal 200,"18,40",SI,"3,90",,
2.A,Elettrica,Aria/acqua,Aria/acqua,VIESSMANN,Energycal Inverter 17,,,"18,60",SI,"4,50",,
2.A,Elettrica,Aria/acqua,Aria/acqua,VIESSMANN,Energycal Inverter,17,-,"18,60",SI,"4,50",,
2.A,Elettrica,Aria/acqua,Aria/acqua,VIESSMANN,Vitocal 200-A PRO AA-ID,-,19,"21,50",SI,"3,98",,
2.A,Elettrica,Aria/acqua,Aria/acqua,VIESSMANN,Vitocal 200-A PRO AA-ID 22,Vitocal 200-A PRO,Vitocal 200,"21,90",SI,"4,00",,
2.A,Elettrica,Aria/acqua,Aria/acqua,VIESSMANN,Energycal Inverter 22,,,"24,00",SI,"4,70",,
2.A,Elettrica,Aria/acqua,Aria/acqua,VIESSMANN,Energycal Inverter,22,-,"24,00",SI,"4,70",,
2.A,Elettrica,Aria/acqua,Aria/acqua,VIESSMANN,Vitocal 200-A PRO AA-ID,-,22,"25,80",SI,"3,97",,
2.A,Elettrica,Aria/acqua,Aria/acqua,VIESSMANN,Energycal Max Inverter HP,25.1,,"27,10",SI,"4,49",,
2.A,Elettrica,Aria/acqua,Aria/acqua,VIESSMANN,Energycal Inverter 27,,,"29,90",SI,"4,30",,
2.A,Elettrica,Aria/acqua,Aria/acqua,VIESSMANN,Energycal Inverter,27,-,"29,90",SI,"4,30",,
2.A,Elettrica,Aria/acqua,Aria/acqua,VIESSMANN,Vitocal 200-A PRO AA-BB 26,Vitocal 200-A PRO,Vitocal 200,"30,00",SI,"4,20",,
2.A,Elettrica,Aria/acqua,Aria/acqua,VIESSMANN,Vitocal 200-A PRO AA-BB,26,-,"30,00",SI,"4,17",,
2.A,Elettrica,Aria/acqua,Aria/acqua,VIESSMANN,Vitocal 200-A PRO AA-ID,-,26,"30,00",SI,"3,90",,
2.A,Elettrica,Aria/acqua,Aria/acqua,VIESSMANN,Energycal Inverter 34,,,"34,90",SI,"4,20",,
2.A,Elettrica,Aria/acqua,Aria/acqua,VIESSMANN,Energycal Inverter,34,-,"34,90",SI,"4,20",,
2.A,Elettrica,aria/aria,split/multisplit,VIESSMANN,Vitoclima 200-S Comfort,OWAA200MGC027,IWAA200MGC027,"2,80",SI,"4,09",,
2.A,Elettrica,Aria/aria,Split/multisplit,VIESSMANN,Vitoclima 232-S,OSW2026MLD0,W2026MLD0,"2,90",SI,"4,51",,
2.A,Elettrica,Aria/aria,Split/multisplit,VIESSMANN,Vitoclima 230-S Console,OFAA230M027R32,IFAA230M027R32,"2,90",SI,"3,97",,
2.A,Elettrica,aria/aria,split/multisplit,VIESSMANN,Vitoclima 230-S Console,OFAA230MGB027,IFAA230MGB027,"2,90",SI,"3,97",,
2.A,Elettrica,Aria/aria,Split/multisplit,VIESSMANN,Vitoclima 200-S Comfort,OSW2026PLD0,W2026PLD0,"3,00",SI,"3,85",,
2.A,Elettrica,aria/aria,split/multisplit,VIESSMANN,Vitoclima 230-S Dynamic,OWAA230MGB027,IWAA230MGB027,"3,00",SI,"4,41",,
2.A,Elettrica,aria/aria,split/multisplit,VIESSMANN,Vitoclima 232-S,OSW2026MLD2,W2026MLD2,"3,00",SI,"4,41",,
2.A,Elettrica,aria/aria,split/multisplit,VIESSMANN,Vitoclima 232-S Black,OSW2026CLD2,W2026CLD2,"3,00",SI,"4,41",,
2.A,Elettrica,aria/aria,split/multisplit,VIESSMANN,Vitoclima 232-S Opaco,OSW2026OLD2,W2026OLD2,"3,00",SI,"4,41",,
2.A,Elettrica,Aria/aria,Split/multisplit,VIESSMANN,Vitoclima 300-Style,OSDW2025JLD0,W2025JLD0,"3,20",SI,"4,84",,
2.A,Elettrica,aria/aria,split/multisplit,VIESSMANN,Vitoclima 200-S Comfort,OWAA200MGC032,IWAA200MGC032,"3,40",SI,"3,90",,
2.A,Elettrica,Aria/aria,Split/multisplit,VIESSMANN,Vitoclima 200-S Comfort,OSW2035PLD0,W2035PLD0,"3,67",SI,"3,71",,
2.A,Elettrica,Aria/aria,Split/multisplit,VIESSMANN,Vitoclima 232-S,OSW2035MLD0,W2035MLD0,"3,80",SI,"3,91",,
2.A,Elettrica,Aria/aria,Split/multisplit,VIESSMANN,Vitoclima 230-S Console,OFAA230M035R32,IFAA230M035R32,"3,80",SI,"3,96",,
2.A,Elettrica,aria/aria,split/multisplit,VIESSMANN,Vitoclima 230-S Dynamic,OWAA230MGB035,IWAA230MGB035,"3,80",SI,"3,90",,
2.A,Elettrica,aria/aria,split/multisplit,VIESSMANN,Vitoclima 230-S Console,OFAA230MGB035,IFAA230MGB035,"3,80",SI,"3,96",,
2.A,Elettrica,aria/aria,split/multisplit,VIESSMANN,Vitoclima 232-S,OSW2035MLD2,W2035MLD2,"3,81",SI,"4,00",,
2.A,Elettrica,aria/aria,split/multisplit,VIESSMANN,Vitoclima 232-S Black,OSW2035CLD2,W2035CLD2,"3,81",SI,"4,00",,
2.A,Elettrica,aria/aria,split/multisplit,VIESSMANN,Vitoclima 232-S Opaco,OSW2035OLD2,W2035OLD2,"3,81",SI,"4,00",,
2.A,Elettrica,Aria/aria,Split/multisplit,VIESSMANN,Vitoclima 242-S,OSU2035MHE1,D2035M1,"4,00",SI,"3,81",,
2.A,Elettrica,aria/aria,split/multisplit,VIESSMANN,Vitoclima 242-S,OSU2035MHE2,D2035M2,"4,00",SI,"4,00",,
2.A,Elettrica,Aria/aria,Split/multisplit,VIESSMANN,Vitoclima 300-Style,OSDW2035JLD0,W2035JLD0,"4,20",SI,"4,72",,
2.A,Elettrica,aria/aria,split/multisplit,VIESSMANN,Vitoclima 300-S,O2F3041M3,7k+7k,"4,40",SI,"4,54",,
2.A,Elettrica,aria/aria,split/multisplit,VIESSMANN,Vitoclima 300-S,O2F3041M3,7k+9k,"4,40",SI,"4,54",,
2.A,Elettrica,aria/aria,split/multisplit,VIESSMANN,Vitoclima 300-S,O2F3041M3,7k+12k,"4,40",SI,"4,54",,
2.A,Elettrica,aria/aria,split/multisplit,VIESSMANN,Vitoclima 300-S,O2F3041M3,9k+9k,"4,40",SI,"4,54",,
2.A,Elettrica,aria/aria,split/multisplit,VIESSMANN,Vitoclima 300-S,O2F3041M3,9k+12k,"4,40",SI,"4,54",,
2.A,Elettrica,Aria/aria,Split/multisplit,VIESSMANN,Vitoclima 300-S,O2F3050M2,7+7,"4,80",SI,"4,17",,
2.A,Elettrica,Aria/aria,Split/multisplit,VIESSMANN,Vitoclima 300-S,O2F3050M2,7+9,"4,80",SI,"4,17",,
2.A,Elettrica,Aria/aria,Split/multisplit,VIESSMANN,Vitoclima 300-S,O3F3062M2,7+9,"5,00",SI,"3,94",,
2.A,Elettrica,Aria/aria,Split/multisplit,VIESSMANN,Vitoclima 200-S Comfort,OSW2052PLD0,W2052PLD0,"5,30",SI,"3,76",,
2.A,Elettrica,aria/aria,split/multisplit,VIESSMANN,Vitoclima 230-S Dynamic,OWAA230MGB053,IWAA230MGB053,"5,30",SI,"3,84",,
2.A,Elettrica,Aria/aria,Split/multisplit,VIESSMANN,Vitoclima 300-S,O2F3050M2,7+12,"5,40",SI,"3,86",,
2.A,Elettrica,Aria/aria,Split/multisplit,VIESSMANN,Vitoclima 300-S,O2F3050M2,9+9,"5,40",SI,"4,15",,
2.A,Elettrica,Aria/aria,Split/multisplit,VIESSMANN,Vitoclima 300-S,O2F3050M2,9+12,"5,50",SI,"3,77",,
2.A,Elettrica,Aria/aria,Split/multisplit,VIESSMANN,Vitoclima 242-S,OSU2050MHE1,D2050M1,"5,50",SI,"3,79",,
2.A,Elettrica,Aria/aria,Split/multisplit,VIESSMANN,Vitoclima 232-S,OSW2053MLD0,W2053MLD0,"5,60",SI,"3,90",,
2.A,Elettrica,Aria/aria,Split/multisplit,VIESSMANN,Vitoclima 300-S,O3F3062M2,7+12,"5,60",SI,"3,94",,
2.A,Elettrica,Aria/aria,Split/multisplit,VIESSMANN,Vitoclima 300-S,O3F3062M2,9+9,"5,60",SI,"3,94",,
2.A,Elettrica,aria/aria,split/multisplit,VIESSMANN,Vitoclima 232-S,OSW2053MLD2,W2053MLD2,"5,60",SI,"4,20",,
2.A,Elettrica,aria/aria,split/multisplit,VIESSMANN,Vitoclima 232-S Black,OSW2053CLD2,W2053CLD2,"5,60",SI,"4,20",,
2.A,Elettrica,aria/aria,split/multisplit,VIESSMANN,Vitoclima 232-S Opaco,OSW2053OLD2,W2053OLD2,"5,60",SI,"4,20",,
2.A,Elettrica,aria/aria,split/multisplit,VIESSMANN,Vitoclima 242-S,OSU2050MHE2,D2050M2,"5,60",SI,"3,95",,
2.A,Elettrica,Aria/aria,Split/multisplit,VIESSMANN,Vitoclima 300-S,O4F3080M2,7+18,"5,90",SI,"3,73",,
2.A,Elettrica,Aria/aria,Split/multisplit,VIESSMANN,Vitoclima 300-S,O3F3062M2,7+18,"6,00",SI,"3,82",,
2.A,Elettrica,Aria/aria,Split/multisplit,VIESSMANN,Vitoclima 300-S,O3F3062M2,9+12,"6,00",SI,"3,82",,
2.A,Elettrica,Aria/aria,Split/multisplit,VIESSMANN,Vitoclima 300-S,O3F3062M2,12+12,"6,00",SI,"3,82",,
2.A,Elettrica,Aria/aria,Split/multisplit,VIESSMANN,Vitoclima 300-Style,OSDW2050JLD0,W2050JLD0,"6,00",SI,"4,00",,
2.A,Elettrica,Aria/aria,Split/multisplit,VIESSMANN,Vitoclima 300-S,O3F3062M2,7+7+7,"6,50",SI,"4,06",,
2.A,Elettrica,Aria/aria,Split/multisplit,VIESSMANN,Vitoclima 300-S,O3F3062M2,7+7+9,"6,50",SI,"4,06",,
2.A,Elettrica,Aria/aria,Split/multisplit,VIESSMANN,Vitoclima 300-S,O3F3062M2,7+9+9,"6,50",SI,"4,06",,
2.A,Elettrica,Aria/aria,Split/multisplit,VIESSMANN,Vitoclima 200-S Comfort,OSW2062BLD0,W2062BLD0,"6,50",SI,"3,95",,
2.A,Elettrica,Aria/aria,Split/multisplit,VIESSMANN,Vitoclima 300-S,O3F3062M2,7+7+12,"6,60",SI,"4,13",,
2.A,Elettrica,Aria/aria,Split/multisplit,VIESSMANN,Vitoclima 300-S,O4F3080M2,9+12,"6,80",SI,"3,73",,
2.A,Elettrica,Aria/aria,Split/multisplit,VIESSMANN,Vitoclima 300-S,O4F3080M2,12+12,"6,80",SI,"3,73",,
2.A,Elettrica,Aria/aria,Split/multisplit,VIESSMANN,Vitoclima 300-S,O4F3080M2,9+18,"6,90",SI,"3,73",,
2.A,Elettrica,Aria/aria,Split/multisplit,VIESSMANN,Vitoclima 300-S,O4F3080M2,12+18,"6,90",SI,"3,73",,
2.A,Elettrica,Aria/aria,Split/multisplit,VIESSMANN,Vitoclima 200-S Comfort,OSW2070PLD0,W2070PLD0,"7,40",SI,"3,90",,
2.A,Elettrica,aria/aria,split/multisplit,VIESSMANN,Vitoclima 242-S,OSU2071MHE2,FC2071M2,"7,70",SI,"3,95",,
2.A,Elettrica,aria/aria,split/multisplit,VIESSMANN,Vitoclima 242-S,OSU2071MHE2,D2071M2,"8,00",SI,"4,00",,
2.A,Elettrica,aria/aria,split/multisplit,VIESSMANN,Vitoclima 242-S,OSU2071MHE2,C2071M2,"8,00",SI,"4,00",,
2.A,Elettrica,Aria/aria,Split/multisplit,VIESSMANN,Vitoclima 300-S,O4F3080M2,7+7+7,"8,30",SI,"3,73",,
2.A,Elettrica,Aria/aria,Split/multisplit,VIESSMANN,Vitoclima 300-S,O4F3080M2,7+7+9,"8,50",SI,"3,73",,
2.A,Elettrica,Aria/aria,Split/multisplit,VIESSMANN,Vitoclima 300-S,O4F3080M2,7+7+12,"8,50",SI,"3,73",,
2.A,Elettrica,Aria/aria,Split/multisplit,VIESSMANN,Vitoclima 300-S,O4F3080M2,7+9+9,"8,50",SI,"3,73",,
2.A,Elettrica,Aria/aria,Split/multisplit,VIESSMANN,Vitoclima 300-S,O4F3080M2,7+9+12,"8,50",SI,"3,73",,
2.A,Elettrica,Aria/aria,Split/multisplit,VIESSMANN,Vitoclima 300-S,O4F3080M2,9+9+9,"8,50",SI,"3,73",,
2.A,Elettrica,Aria/aria,Split/multisplit,VIESSMANN,Vitoclima 300-S,O4F3080M2,9+9+12,"8,50",SI,"3,73",,
2.A,Elettrica,Aria/aria,Split/multisplit,VIESSMANN,Vitoclima 300-S,O4F3080M2,7+7+18,"8,60",SI,"3,73",,
2.A,Elettrica,Aria/aria,Split/multisplit,VIESSMANN,Vitoclima 300-S,O4F3080M2,7+9+18,"8,60",SI,"3,73",,
2.A,Elettrica,Aria/aria,Split/multisplit,VIESSMANN,Vitoclima 300-S,O4F3080M2,7+12+12,"8,60",SI,"3,73",,
2.A,Elettrica,Aria/aria,Split/multisplit,VIESSMANN,Vitoclima 300-S,O4F3080M2,9+12+12,"8,60",SI,"3,73",,
2.A,Elettrica,Aria/aria,VRF/VRV,VIESSMANN,Vitoclima 333-S,EU-OV3080M1,-,"9,00",SI,"4,74",,
2.A,Elettrica,Aria/aria,Split/multisplit,VIESSMANN,Vitoclima 300-S,O4F3080M2,7+7+7+7,"9,50",SI,"3,73",,
2.A,Elettrica,Aria/aria,Split/multisplit,VIESSMANN,Vitoclima 300-S,O4F3080M2,7+7+7+9,"9,50",SI,"3,73",,
2.A,Elettrica,Aria/aria,Split/multisplit,VIESSMANN,Vitoclima 300-S,O4F3080M2,7+7+7+12,"9,50",SI,"3,73",,
2.A,Elettrica,Aria/aria,Split/multisplit,VIESSMANN,Vitoclima 300-S,O4F3080M2,7+7+9+9,"9,50",SI,"3,73",,
2.A,Elettrica,Aria/aria,Split/multisplit,VIESSMANN,Vitoclima 300-S,O4F3080M2,7+9+9+9,"9,50",SI,"3,73",,
2.A,Elettrica,Aria/aria,Split/multisplit,VIESSMANN,Vitoclima 300-S,O4F3080M2,7+7+9+12,"9,60",SI,"3,73",,
2.A,Elettrica,Aria/aria,Split/multisplit,VIESSMANN,Vitoclima 300-S,O5F3120M2,7+18+18,"11,20",SI,"3,73",,
2.A,Elettrica,aria/aria,split/multisplit,VIESSMANN,Vitoclima 300-S,O5F3120M3,7K+18K+18K,"11,20",SI,"3,73",,
2.A,Elettrica,aria/aria,split/multisplit,VIESSMANN,Vitoclima 300-S,O5F3120M3,9K+12K+18K,"11,35",SI,"3,75",,
2.A,Elettrica,Aria/aria,Split/multisplit,VIESSMANN,Vitoclima 300-S,O5F3120M2,9+12+18,"11,40",SI,"3,75",,
2.A,Elettrica,Aria/aria,Split/multisplit,VIESSMANN,Vitoclima 300-S,O5F3120M2,7+7+7+18,"11,50",SI,"3,73",,
2.A,Elettrica,aria/aria,split/multisplit,VIESSMANN,Vitoclima 300-S,O5F3120M3,7k+7k+7k+18k,"11,50",SI,"3,73",,
2.A,Elettrica,aria/aria,split/multisplit,VIESSMANN,Vitoclima 242-S,OSU2100THE2,D2100M2,"11,50",SI,"4,10",,
2.A,Elettrica,aria/aria,split/multisplit,VIESSMANN,Vitoclima 242-S,OSU2100THE2,C2100M2,"11,50",SI,"3,90",,
2.A,Elettrica,aria/aria,split/multisplit,VIESSMANN,Vitoclima 242-S,OSU2100THE2,FC2100M2,"11,50",SI,"3,90",,
2.A,Elettrica,Aria/aria,Split/multisplit,VIESSMANN,Vitoclima 300-S,O5F3120M2,12+12+18,"11,60",SI,"3,73",,
2.A,Elettrica,aria/aria,split/multisplit,VIESSMANN,Vitoclima 300-S,O5F3120M3,12K+12K+18K,"11,60",SI,"3,73",,
2.A,Elettrica,aria/aria,split/multisplit,VIESSMANN,Vitoclima 300-S,O5F3120M3,9K+9K+9K+12K,"11,80",SI,"3,73",,
2.A,Elettrica,Aria/aria,Split/multisplit,VIESSMANN,Vitoclima 300-S,O5F3120M2,9+9+9+12,"11,80",SI,"3,73",,
2.A,Elettrica,Aria/aria,Split/multisplit,VIESSMANN,Vitoclima 300-S,O5F3120M2,9+18+18,"11,90",SI,"3,90",,
2.A,Elettrica,aria/aria,split/multisplit,VIESSMANN,Vitoclima 300-S,O5F3120M3,9K+18K+18K,"11,90",SI,"3,93",,
2.A,Elettrica,Aria/aria,Split/multisplit,VIESSMANN,Vitoclima 300-S,O5F3120M2,12+18+18,"12,00",SI,"3,80",,
2.A,Elettrica,Aria/aria,Split/multisplit,VIESSMANN,Vitoclima 300-S,O5F3120M2,7+9+12+12,"12,00",SI,"3,73",,
2.A,Elettrica,Aria/aria,Split/multisplit,VIESSMANN,Vitoclima 300-S,O5F3120M2,7+12+12+12,"12,00",SI,"3,73",,
2.A,Elettrica,Aria/aria,Split/multisplit,VIESSMANN,Vitoclima 300-S,O5F3120M2,9+12+12+12,"12,00",SI,"3,73",,
2.A,Elettrica,Aria/aria,Split/multisplit,VIESSMANN,Vitoclima 300-S,O5F3120M2,12+12+12+12,"12,00",SI,"3,73",,
2.A,Elettrica,aria/aria,split/multisplit,VIESSMANN,Vitoclima 300-S,O5F3120M3,12K+18K+18K,"12,00",SI,"3,85",,
2.A,Elettrica,aria/aria,split/multisplit,VIESSMANN,Vitoclima 300-S,O5F3120M3,7k+9k+12k+12k,"12,00",SI,"3,73",,
2.A,Elettrica,aria/aria,split/multisplit,VIESSMANN,Vitoclima 300-S,O5F3120M3,7k+12k+12k+12k,"12,00",SI,"3,73",,
2.A,Elettrica,aria/aria,split/multisplit,VIESSMANN,Vitoclima 300-S,O5F3120M3,9K+12K+12K+12K,"12,00",SI,"3,73",,
2.A,Elettrica,aria/aria,split/multisplit,VIESSMANN,Vitoclima 300-S,O5F3120M3,12K+12K+12K+12K,"12,00",SI,"3,73",,
2.A,Elettrica,Aria/aria,Split/multisplit,VIESSMANN,Vitoclima 300-S,O5F3120M2,7+7+9+18,"12,10",SI,"3,73",,
2.A,Elettrica,Aria/aria,Split/multisplit,VIESSMANN,Vitoclima 300-S,O5F3120M2,7+9+9+18,"12,10",SI,"3,73",,
2.A,Elettrica,Aria/aria,Split/multisplit,VIESSMANN,Vitoclima 300-S,O5F3120M2,7+12+12+18,"12,10",SI,"3,73",,
2.A,Elettrica,Aria/aria,Split/multisplit,VIESSMANN,Vitoclima 300-S,O5F3120M2,9+9+9+18,"12,10",SI,"3,73",,
2.A,Elettrica,aria/aria,split/multisplit,VIESSMANN,Vitoclima 300-S,O5F3120M3,7k+7k+9k+18k,"12,10",SI,"3,73",,
2.A,Elettrica,aria/aria,split/multisplit,VIESSMANN,Vitoclima 300-S,O5F3120M3,7k+9k+9k+18k,"12,10",SI,"3,73",,
2.A,Elettrica,aria/aria,split/multisplit,VIESSMANN,Vitoclima 300-S,O5F3120M3,7k+12k+12k+18k,"12,10",SI,"3,73",,
2.A,Elettrica,aria/aria,split/multisplit,VIESSMANN,Vitoclima 300-S,O5F3120M3,9K+9K+9K+18K,"12,10",SI,"3,73",,
2.A,Elettrica,Aria/aria,Split/multisplit,VIESSMANN,Vitoclima 300-S,O5F3120M2,18+18+18,"12,20",SI,"4,06",,
2.A,Elettrica,Aria/aria,Split/multisplit,VIESSMANN,Vitoclima 300-S,O5F3120M2,7+7+12+12,"12,20",SI,"3,73",,
2.A,Elettrica,Aria/aria,Split/multisplit,VIESSMANN,Vitoclima 300-S,O5F3120M2,7+12+18+18,"12,20",SI,"3,73",,
2.A,Elettrica,Aria/aria,Split/multisplit,VIESSMANN,Vitoclima 300-S,O5F3120M2,9+9+12+12,"12,20",SI,"3,73",,
2.A,Elettrica,aria/aria,split/multisplit,VIESSMANN,Vitoclima 300-S,O5F3120M3,18K+18K + 18K,"12,20",SI,"4,06",,
2.A,Elettrica,aria/aria,split/multisplit,VIESSMANN,Vitoclima 300-S,O5F3120M3,7k+7k+12k+12k,"12,20",SI,"3,73",,
2.A,Elettrica,aria/aria,split/multisplit,VIESSMANN,Vitoclima 300-S,O5F3120M3,7k+12k+18k+18k,"12,20",SI,"3,73",,
2.A,Elettrica,aria/aria,split/multisplit,VIESSMANN,Vitoclima 300-S,O5F3120M3,9K+9K+12K+12K,"12,20",SI,"3,73",,
2.A,Elettrica,Aria/aria,Split/multisplit,VIESSMANN,Vitoclima 300-S,O5F3120M2,9+9+12+18,"12,30",SI,"3,90",,
2.A,Elettrica,aria/aria,split/multisplit,VIESSMANN,Vitoclima 300-S,O5F3120M3,9K+9K+12K+18K,"12,30",SI,"3,90",,
2.A,Elettrica,Aria/aria,Split/multisplit,VIESSMANN,Vitoclima 300-S,O5F3120M2,7+9+12+18,"12,40",SI,"3,80",,
2.A,Elettrica,Aria/aria,Split/multisplit,VIESSMANN,Vitoclima 300-S,O5F3120M2,9+9+18+18,"12,40",SI,"3,73",,
2.A,Elettrica,Aria/aria,Split/multisplit,VIESSMANN,Vitoclima 300-S,O5F3120M2,9+12+12+18,"12,40",SI,"3,80",,
2.A,Elettrica,aria/aria,split/multisplit,VIESSMANN,Vitoclima 300-S,O5F3120M3,9K+9K+18K+18K,"12,40",SI,"3,73",,
2.A,Elettrica,aria/aria,split/multisplit,VIESSMANN,Vitoclima 300-S,O5F3120M3,9K+12K+12K+18K,"12,40",SI,"3,75",,
2.A,Elettrica,aria/aria,split/multisplit,VIESSMANN,Vitoclima 300-S,O5F3120M3,7k+9k+12k+18k,"12,40",SI,"3,75",,
2.A,Elettrica,Aria/aria,Split/multisplit,VIESSMANN,Vitoclima 300-S,O5F3120M2,7+7+12+18,"12,50",SI,"3,80",,
2.A,Elettrica,Aria/aria,Split/multisplit,VIESSMANN,Vitoclima 300-S,O5F3120M2,9+12+18+18,"12,50",SI,"3,73",,
2.A,Elettrica,Aria/aria,Split/multisplit,VIESSMANN,Vitoclima 300-S,O5F3120M2,12+12+12+18,"12,50",SI,"3,73",,
2.A,Elettrica,Aria/aria,Split/multisplit,VIESSMANN,Vitoclima 300-S,O5F3120M2,7+7+7+7+7,"12,50",SI,"3,78",,
2.A,Elettrica,aria/aria,split/multisplit,VIESSMANN,Vitoclima 300-S,O5F3120M3,7k+7k+12k+18k,"12,50",SI,"3,78",,
2.A,Elettrica,aria/aria,split/multisplit,VIESSMANN,Vitoclima 300-S,O5F3120M3,9K+12K+18K+18K,"12,50",SI,"3,73",,
2.A,Elettrica,aria/aria,split/multisplit,VIESSMANN,Vitoclima 300-S,O5F3120M3,12K+12K+12K+18K,"12,50",SI,"3,73",,
2.A,Elettrica,aria/aria,split/multisplit,VIESSMANN,Vitoclima 300-S,O5F3120M3,7k+7k+7k+7k+7k,"12,50",SI,"3,78",,
2.A,Elettrica,Aria/aria,Split/multisplit,VIESSMANN,Vitoclima 300-S,O5F3120M2,7+9+18+18,"12,60",SI,"3,80",,
2.A,Elettrica,Aria/aria,Split/multisplit,VIESSMANN,Vitoclima 300-S,O5F3120M2,7+18+18+18,"12,60",SI,"3,73",,
2.A,Elettrica,Aria/aria,Split/multisplit,VIESSMANN,Vitoclima 300-S,O5F3120M2,9+18+18+18,"12,60",SI,"3,73",,
2.A,Elettrica,aria/aria,split/multisplit,VIESSMANN,Vitoclima 300-S,O5F3120M3,7k+9k+18k+18k,"12,60",SI,"3,81",,
2.A,Elettrica,aria/aria,split/multisplit,VIESSMANN,Vitoclima 300-S,O5F3120M3,7k+18k+18k+18k,"12,60",SI,"3,73",,
2.A,Elettrica,aria/aria,split/multisplit,VIESSMANN,Vitoclima 300-S,O5F3120M3,9K+18K+18K+18K,"12,60",SI,"3,73",,
2.A,Elettrica,Aria/aria,Split/multisplit,VIESSMANN,Vitoclima 300-S,O5F3120M2,12+12+18+18,"12,70",SI,"3,73",,
2.A,Elettrica,aria/aria,split/multisplit,VIESSMANN,Vitoclima 300-S,O5F3120M3,12K+12K+18K+18K,"12,70",SI,"3,73",,
2.A,Elettrica,aria/aria,split/multisplit,VIESSMANN,Vitoclima 300-S,O5F3120M3,7k+9k+9k+9k+9k,"12,80",SI,"3,71",,
2.A,Elettrica,Aria/aria,Split/multisplit,VIESSMANN,Vitoclima 300-S,O5F3120M2,7+7+18+18,"12,80",SI,"3,90",,
2.A,Elettrica,Aria/aria,Split/multisplit,VIESSMANN,Vitoclima 300-S,O5F3120M2,7+7+7+7+9,"12,80",SI,"3,77",,
2.A,Elettrica,Aria/aria,Split/multisplit,VIESSMANN,Vitoclima 300-S,O5F3120M2,7+7+7+9+9,"12,80",SI,"3,80",,
2.A,Elettrica,Aria/aria,Split/multisplit,VIESSMANN,Vitoclima 300-S,O5F3120M2,7+9+9+9+9,"12,80",SI,"3,71",,
2.A,Elettrica,aria/aria,split/multisplit,VIESSMANN,Vitoclima 300-S,O5F3120M3,7k+7k+18k+18k,"12,80",SI,"3,88",,
2.A,Elettrica,aria/aria,split/multisplit,VIESSMANN,Vitoclima 300-S,O5F3120M3,7k+7k+7k+7k+9k,"12,80",SI,"3,77",,
2.A,Elettrica,aria/aria,split/multisplit,VIESSMANN,Vitoclima 300-S,O5F3120M3,7k+7k+7k+9k+9k,"12,80",SI,"3,77",,
2.A,Elettrica,aria/aria,split/multisplit,VIESSMANN,Vitoclima 300-S,O5F3120M3,7k+7k+9k+9k+9k,"12,90",SI,"3,80",,
2.A,Elettrica,Aria/aria,Split/multisplit,VIESSMANN,Vitoclima 300-S,O5F3120M2,7+7+9+9+9,"12,90",SI,"3,80",,
2.A,Elettrica,Aria/aria,Split/multisplit,VIESSMANN,Vitoclima 300-S,O5F3120M2,7+7+7+7+12,"13,00",SI,"3,80",,
2.A,Elettrica,Aria/aria,Split/multisplit,VIESSMANN,Vitoclima 300-S,O5F3120M2,7+7+12+12+12,"13,00",SI,"3,80",,
2.A,Elettrica,Aria/aria,Split/multisplit,VIESSMANN,Vitoclima 300-S,O5F3120M2,9+9+9+9+9,"13,00",SI,"3,80",,
2.A,Elettrica,Aria/aria,VRF/VRV,VIESSMANN,Vitoclima 333-S,EU-OV3121M1,-,"13,00",SI,"4,81",,
2.A,Elettrica,aria/aria,split/multisplit,VIESSMANN,Vitoclima 300-S,O5F3120M3,7k+7k+7k+7k+12k,"13,00",SI,"3,83",,
2.A,Elettrica,aria/aria,split/multisplit,VIESSMANN,Vitoclima 300-S,O5F3120M3,7k+7k+12k+12k+12k,"13,00",SI,"3,77",,
2.A,Elettrica,aria/aria,split/multisplit,VIESSMANN,Vitoclima 300-S,O5F3120M3,9k+9k+9k+9k+9k,"13,00",SI,"3,77",,
2.A,Elettrica,aria/aria,split/multisplit,VIESSMANN,Vitoclima 300-S,O5F3120M3,7k+7k+7k+9k+12k,"13,10",SI,"3,86",,
2.A,Elettrica,Aria/aria,Split/multisplit,VIESSMANN,Vitoclima 300-S,O5F3120M2,7+7+7+9+12,"13,10",SI,"3,90",,
2.A,Elettrica,Aria/aria,Split/multisplit,VIESSMANN,Vitoclima 300-S,O5F3120M2,7+7+12+12+18,"13,10",SI,"3,73",,
2.A,Elettrica,Aria/aria,Split/multisplit,VIESSMANN,Vitoclima 300-S,O5F3120M2,7+9+12+12+12,"13,10",SI,"3,80",,
2.A,Elettrica,Aria/aria,Split/multisplit,VIESSMANN,Vitoclima 300-S,O5F3120M2,7+12+12+12+12,"13,10",SI,"3,73",,
2.A,Elettrica,aria/aria,split/multisplit,VIESSMANN,Vitoclima 300-S,O5F3120M3,7k+7k+12k+12k+18k,"13,10",SI,"3,73",,
2.A,Elettrica,aria/aria,split/multisplit,VIESSMANN,Vitoclima 300-S,O5F3120M3,7k+12k+12k+12k+12k,"13,10",SI,"3,73",,
2.A,Elettrica,aria/aria,split/multisplit,VIESSMANN,Vitoclima 300-S,O5F3120M3,7k+9k+12k+12k+12k,"13,10",SI,"3,80",,
2.A,Elettrica,Aria/aria,Split/multisplit,VIESSMANN,Vitoclima 300-S,O5F3120M2,7+7+7+7+18,"13,20",SI,"3,90",,
2.A,Elettrica,Aria/aria,Split/multisplit,VIESSMANN,Vitoclima 300-S,O5F3120M2,7+7+7+12+12,"13,20",SI,"3,90",,
2.A,Elettrica,Aria/aria,Split/multisplit,VIESSMANN,Vitoclima 300-S,O5F3120M2,7+7+9+9+12,"13,20",SI,"3,90",,
2.A,Elettrica,Aria/aria,Split/multisplit,VIESSMANN,Vitoclima 300-S,O5F3120M2,7+7+12+18+18,"13,20",SI,"3,73",,
2.A,Elettrica,Aria/aria,Split/multisplit,VIESSMANN,Vitoclima 300-S,O5F3120M2,7+9+9+9+12,"13,20",SI,"3,80",,
2.A,Elettrica,Aria/aria,Split/multisplit,VIESSMANN,Vitoclima 300-S,O5F3120M2,7+9+9+9+18,"13,20",SI,"3,80",,
2.A,Elettrica,Aria/aria,Split/multisplit,VIESSMANN,Vitoclima 300-S,O5F3120M2,7+9+9+12+12,"13,20",SI,"3,80",,
2.A,Elettrica,Aria/aria,Split/multisplit,VIESSMANN,Vitoclima 300-S,O5F3120M2,9+9+9+9+12,"13,20",SI,"3,80",,
2.A,Elettrica,aria/aria,split/multisplit,VIESSMANN,Vitoclima 300-S,O5F3120M3,7k+7k+12k+18k+18k,"13,20",SI,"3,73",,
2.A,Elettrica,aria/aria,split/multisplit,VIESSMANN,Vitoclima 300-S,O5F3120M3,7k+9k+9k+9k+12k,"13,20",SI,"3,83",,
2.A,Elettrica,aria/aria,split/multisplit,VIESSMANN,Vitoclima 300-S,O5F3120M3,7k+9k+9k+12k+12k,"13,20",SI,"3,83",,
2.A,Elettrica,aria/aria,split/multisplit,VIESSMANN,Vitoclima 300-S,O5F3120M3,9k+9k+9k+9k+12k,"13,20",SI,"3,83",,
2.A,Elettrica,aria/aria,split/multisplit,VIESSMANN,Vitoclima 300-S,O5F3120M3,7k+9k+9k+9k+18k,"13,20",SI,"3,83",,
2.A,Elettrica,Aria/aria,Split/multisplit,VIESSMANN,Vitoclima 300-S,O5F3120M2,7+7+7+9+18,"13,30",SI,"3,90",,
2.A,Elettrica,Aria/aria,Split/multisplit,VIESSMANN,Vitoclima 300-S,O5F3120M2,7+7+7+12+18,"13,30",SI,"3,90",,
2.A,Elettrica,Aria/aria,Split/multisplit,VIESSMANN,Vitoclima 300-S,O5F3120M2,7+9+12+12+18,"13,30",SI,"3,73",,
2.A,Elettrica,Aria/aria,Split/multisplit,VIESSMANN,Vitoclima 300-S,O5F3120M2,7+12+12+12+18,"13,30",SI,"3,73",,
2.A,Elettrica,aria/aria,split/multisplit,VIESSMANN,Vitoclima 300-S,O5F3120M3,7k+9k+12k+12k+18k,"13,30",SI,"3,73",,
2.A,Elettrica,aria/aria,split/multisplit,VIESSMANN,Vitoclima 300-S,O5F3120M3,7k+12k+12k+12k+18k,"13,30",SI,"3,73",,
2.A,Elettrica,Aria/aria,Split/multisplit,VIESSMANN,Vitoclima 300-S,O5F3120M2,7+7+7+18+18,"13,40",SI,"3,90",,
2.A,Elettrica,Aria/aria,Split/multisplit,VIESSMANN,Vitoclima 300-S,O5F3120M2,7+7+9+9+18,"13,40",SI,"3,90",,
2.A,Elettrica,Aria/aria,Split/multisplit,VIESSMANN,Vitoclima 300-S,O5F3120M2,7+9+9+12+18,"13,40",SI,"3,73",,
2.A,Elettrica,Aria/aria,Split/multisplit,VIESSMANN,Vitoclima 300-S,O5F3120M2,9+9+9+9+18,"13,40",SI,"3,73",,
2.A,Elettrica,Aria/aria,Split/multisplit,VIESSMANN,Vitoclima 300-S,O5F3120M2,9+9+9+12+12,"13,40",SI,"3,90",,
2.A,Elettrica,Aria/aria,Split/multisplit,VIESSMANN,Vitoclima 300-S,O5F3120M2,7+7+9+12+12,"13,50",SI,"3,90",,
2.A,Elettrica,Aria/aria,Split/multisplit,VIESSMANN,Vitoclima 300-S,O5F3120M2,7+7+9+12+18,"13,60",SI,"3,73",,
2.A,Elettrica,Aria/aria,Split/multisplit,VIESSMANN,Vitoclima 300-S,O5F3120M2,7+9+9+18+18,"13,60",SI,"3,73",,
2.A,Elettrica,Aria/aria,Split/multisplit,VIESSMANN,Vitoclima 300-S,O5F3120M2,9+9+9+12+18,"13,60",SI,"3,80",,
2.A,Elettrica,Aria/aria,Split/multisplit,VIESSMANN,Vitoclima 300-S,O5F3120M2,9+9+12+12+12,"13,60",SI,"3,80",,
2.A,Elettrica,Aria/aria,Split/multisplit,VIESSMANN,Vitoclima 300-S,O5F3120M2,9+12+12+12+12,"13,60",SI,"3,73",,
2.A,Elettrica,Aria/aria,Split/multisplit,VIESSMANN,Vitoclima 300-S,O5F3120M2,7+7+9+18+18,"13,70",SI,"3,74",,
2.A,Elettrica,Aria/aria,Split/multisplit,VIESSMANN,Vitoclima 300-S,O5F3120M2,9+9+9+18+18,"13,70",SI,"3,73",,
2.A,Elettrica,Aria/aria,Split/multisplit,VIESSMANN,Vitoclima 300-S,O5F3120M2,9+9+12+12+18,"13,70",SI,"3,73",,
2.A,Elettrica,Aria/aria,Split/multisplit,VIESSMANN,Vitoclima 300-S,O5F3120M2,9+12+12+12+18,"13,70",SI,"3,73",,
2.A,Elettrica,Aria/aria,Split/multisplit,VIESSMANN,Vitoclima 300-S,O5F3120M2,12+12+12+12+12,"13,80",SI,"3,73",,
2.A,Elettrica,Aria/aria,VRF/VRV,VIESSMANN,Vitoclima 333-S,EU-OV3120M1,,"14,00",SI,"4,28",,
2.A,Elettrica,Aria/aria,VRF/VRV,VIESSMANN,Vitoclima 333-S,EU-OV3120T1,-,"14,00",SI,"4,28",,
2.A,Elettrica,Aria/aria,VRF/VRV,VIESSMANN,Vitoclima 333-S,EU-OV3141M1,-,"16,00",SI,"3,85",,
2.A,Elettrica,Aria/aria,VRF/VRV,VIESSMANN,Vitoclima 333-S,EU-OV3140M1,-,"16,50",SI,"4,18",,
2.A,Elettrica,Aria/aria,VRF/VRV,VIESSMANN,Vitoclima 333-S,EU-OV3140T1,-,"16,50",SI,"3,96",,
2.A,Elettrica,Aria/aria,VRF/VRV,VIESSMANN,Vitoclima 333-S,EU-OV3160M1,-,"18,50",SI,"3,87",,
2.A,Elettrica,Aria/aria,VRF/VRV,VIESSMANN,Vitoclima 333-S,EU-OV3160T1,-,"18,50",SI,"3,96",,
2.A,Elettrica,Aria/aria,VRF/VRV,VIESSMANN,Vitoclima 333-S,EU-OV3224TS2,-,"24,00",SI,"4,90",,
2.A,Elettrica,Aria/aria,VRF/VRV,VIESSMANN,Vitoclima 333-S,EU-OV3224T1,-,"25,00",SI,"5,20",,
2.A,Elettrica,Aria/aria,VRF/VRV,VIESSMANN,Vitoclima 333-S,EU-OVHR3224T1,-,"25,00",SI,"4,75",,
2.A,Elettrica,Aria/aria,VRF/VRV,VIESSMANN,Vitoclima 333-S,EU-OV3280TS2,-,"30,00",SI,"4,90",,
2.A,Elettrica,Aria/aria,VRF/VRV,VIESSMANN,Vitoclima 333-S PRO,EU-OV3280T1PRO,-,"30,18",SI,"4,06",,
2.A,Elettrica,Aria/aria,VRF/VRV,VIESSMANN,Vitoclima 333-S,EU-OV3280T1,-,"31,50",SI,"5,56",,
2.A,Elettrica,Aria/aria,VRF/VRV,VIESSMANN,Vitoclima 333-S,EU-OVHR3280T1,-,"31,50",SI,"4,32",,
2.A,Elettrica,Aria/aria,VRF/VRV,VIESSMANN,Vitoclima 333-S,EU-OV3335TS2,-,"35,00",SI,"4,90",,
2.A,Elettrica,Aria/aria,Split/multisplit,VORTICE,VORT ARTIK 9,65311,65310,"2,80",SI,"3,71",,
2.A,Elettrica,Aria/aria,Split/multisplit,VORTICE,VORT ARTIK 12,65133,65132,"3,65",SI,"3,71",,
2.A,Elettrica,Aria/aria,Split/multisplit,VORTICE,VORT ARTIK DUAL,65316,65329+65329,"4,70",SI,"3,71",,
2.A,Elettrica,Aria/aria,Split/multisplit,VORTICE,VORT ARTIK DUAL,65316,65329+65310,"4,80",SI,"3,71",,
2.A,Elettrica,Aria/aria,Split/multisplit,VORTICE,VORT ARTIK DUAL,65317,65329+65329,"4,80",SI,4,,
2.A,Elettrica,Aria/aria,Split/multisplit,VORTICE,VORT ARTIK DUAL,65317,65329+65310,"5,00",SI,4,,
2.A,Elettrica,Aria/aria,Split/multisplit,VORTICE,VORT ARTIK DUAL,65320,65329+65329,"5,00",SI,4,,
2.A,Elettrica,Aria/aria,Split/multisplit,VORTICE,VORT ARTIK DUAL,65320,65329+65310,"5,10",SI,4,,
2.A,Elettrica,Aria/aria,Split/multisplit,VORTICE,VORT ARTIK 18 DUCT,65327,65323,"5,20",SI,"3,9",,
2.A,Elettrica,Aria/aria,Split/multisplit,VORTICE,VORT ARTIK DUAL,65316,65310+65310,"5,20",SI,"3,71",,
2.A,Elettrica,Aria/aria,Split/multisplit,VORTICE,VORT ARTIK 18,65135,65134,"5,27",SI,"3,71",,
2.A,Elettrica,Aria/aria,Split/multisplit,VORTICE,VORT ARTIK DUAL,65316,65329+65312,"5,30",SI,"3,71",,
2.A,Elettrica,Aria/aria,Split/multisplit,VORTICE,VORT ARTIK DUAL,65316,65310+65312,"5,40",SI,"3,71",,
2.A,Elettrica,Aria/aria,Split/multisplit,VORTICE,VORT ARTIK DUAL,65317,65329+65312,"5,50",SI,4,,
2.A,Elettrica,Aria/aria,Split/multisplit,VORTICE,VORT ARTIK DUAL,65317,65310+65310,"5,60",SI,4,,
2.A,Elettrica,Aria/aria,Split/multisplit,VORTICE,VORT ARTIK DUAL,65320,65329+65312,"5,60",SI,"4,1",,
2.A,Elettrica,Aria/aria,Split/multisplit,VORTICE,VORT ARTIK DUAL,65320,65310+65310,"5,60",SI,"4,1",,
2.A,Elettrica,Aria/aria,Split/multisplit,VORTICE,VORT ARTIK DUAL,65317,65310+65312,"5,90",SI,"3,9",,
2.A,Elettrica,Aria/aria,Split/multisplit,VORTICE,VORT ARTIK DUAL,65320,65310+65312,"6,00",SI,"4,1",,
2.A,Elettrica,Aria/aria,Split/multisplit,VORTICE,VORT ARTIK DUAL,65317,65329+65314,"6,30",SI,"3,9",,
2.A,Elettrica,Aria/aria,Split/multisplit,VORTICE,VORT ARTIK DUAL,65317,65310+65314,"6,50",SI,"3,8",,
2.A,Elettrica,Aria/aria,Split/multisplit,VORTICE,VORT ARTIK DUAL,65317,65312+65312,"6,50",SI,"3,9",,
2.A,Elettrica,Aria/aria,Split/multisplit,VORTICE,VORT ARTIK DUAL,65320,65329+65314,"6,50",SI,"3,9",,
2.A,Elettrica,Aria/aria,Split/multisplit,VORTICE,VORT ARTIK DUAL,65317,65312+65314,"6,60",SI,"3,9",,
2.A,Elettrica,Aria/aria,Split/multisplit,VORTICE,VORT ARTIK DUAL,65320,65312+65312,"6,60",SI,"3,9",,
2.A,Elettrica,Aria/aria,Split/multisplit,VORTICE,VORT ARTIK DUAL,65317,65314+65314,"6,70",SI,"3,8",,
2.A,Elettrica,Aria/aria,Split/multisplit,VORTICE,VORT ARTIK DUAL,65320,65310+65314,"6,70",SI,4,,
2.A,Elettrica,Aria/aria,Split/multisplit,VORTICE,VORT ARTIK DUAL,65320,65312+65314,"6,70",SI,"3,9",,
2.A,Elettrica,Aria/aria,Split/multisplit,VORTICE,VORT ARTIK DUAL,65320,65314+65314,"6,90",SI,"3,8",,
2.A,Elettrica,Aria/aria,Split/multisplit,VORTICE,VORT ARTIK TRIAL,65320,65329+65329+65329,"6,90",SI,"3,8",,
2.A,Elettrica,Aria/aria,Split/multisplit,VORTICE,VORT ARTIK 24 CASSETTE,65326,65322,"7,00",SI,"3,8",,
2.A,Elettrica,Aria/aria,Split/multisplit,VORTICE,VORT ARTIK 24 DUCT,65328,65324,"7,00",SI,"3,8",,
2.A,Elettrica,Aria/aria,Split/multisplit,VORTICE,VORT ARTIK TRIAL,65317,65329+65310+65310,"7,00",SI,"3,71",,
2.A,Elettrica,Aria/aria,Split/multisplit,VORTICE,VORT ARTIK TRIAL,65320,65329+65310+65310,"7,15",SI,"3,8",,
2.A,Elettrica,Aria/aria,Split/multisplit,VORTICE,VORT ARTIK TRIAL,65317,65310+65310+65310,"7,20",SI,"3,71",,
2.A,Elettrica,Aria/aria,Split/multisplit,VORTICE,VORT ARTIK TRIAL,65320,65329+65329+65310,"7,25",SI,"3,8",,
2.A,Elettrica,Aria/aria,Split/multisplit,VORTICE,VORT ARTIK TRIAL,65317,65329+65310+65312,"7,30",SI,"3,71",,
2.A,Elettrica,Aria/aria,Split/multisplit,VORTICE,VORT ARTIK TRIAL,65317,65310+65310+65312,"7,30",SI,"3,71",,
2.A,Elettrica,Aria/aria,Split/multisplit,VORTICE,VORT ARTIK TRIAL,65317,65310+65312+65312,"7,30",SI,"3,71",,
2.A,Elettrica,Aria/aria,Split/multisplit,VORTICE,VORT ARTIK TRIAL,65320,65329+65310+65312,"7,30",SI,"3,8",,
2.A,Elettrica,Aria/aria,Split/multisplit,VORTICE,VORT ARTIK TRIAL,65317,65312+65312+65312,"7,35",SI,"3,8",,
2.A,Elettrica,Aria/aria,Split/multisplit,VORTICE,VORT ARTIK TRIAL,65317,65329+65329+65312,"7,40",SI,"3,71",,
2.A,Elettrica,Aria/aria,Split/multisplit,VORTICE,VORT ARTIK TRIAL,65317,65329+65312+65312,"7,40",SI,"3,71",,
2.A,Elettrica,Aria/aria,Split/multisplit,VORTICE,VORT ARTIK TRIAL,65317,65310+65310+65314,"7,40",SI,"3,8",,
2.A,Elettrica,Aria/aria,Split/multisplit,VORTICE,VORT ARTIK TRIAL,65320,65329+65312+65312,"7,40",SI,"3,8",,
2.A,Elettrica,Aria/aria,Split/multisplit,VORTICE,VORT ARTIK TRIAL,65317,65329+65310+65314,"7,45",SI,"3,71",,
2.A,Elettrica,Aria/aria,Split/multisplit,VORTICE,VORT ARTIK TRIAL,65320,65329+65310+65314,"7,45",SI,"3,8",,
2.A,Elettrica,Aria/aria,Split/multisplit,VORTICE,VORT ARTIK TRIAL,65317,65329+65329+65314,"7,50",SI,"3,71",,
2.A,Elettrica,Aria/aria,Split/multisplit,VORTICE,VORT ARTIK TRIAL,65320,65329+65329+65312,"7,55",SI,"3,9",,
2.A,Elettrica,Aria/aria,Split/multisplit,VORTICE,VORT ARTIK TRIAL,65320,65329+65329+65314,"7,65",SI,"3,8",,
2.A,Elettrica,Aria/aria,Split/multisplit,VORTICE,VORT ARTIK TRIAL,65320,65310+65310+65310,"7,70",SI,4,,
2.A,Elettrica,Aria/aria,Split/multisplit,VORTICE,VORT ARTIK TRIAL,65320,65310+65310+65312,"7,90",SI,4,,
2.A,Elettrica,Aria/aria,Split/multisplit,VORTICE,VORT ARTIK TRIAL,65320,65310+65310+65314,"8,00",SI,"3,8",,
2.A,Elettrica,Aria/aria,Split/multisplit,VORTICE,VORT ARTIK TRIAL,65320,65310+65312+65312,"8,00",SI,"3,8",,
2.A,Elettrica,Aria/aria,Split/multisplit,VORTICE,VORT ARTIK QUADRI,65320,65329+65329+65329+65329,"8,20",SI,"3,9",,
2.A,Elettrica,Aria/aria,Split/multisplit,VORTICE,VORT ARTIK TRIAL,65320,65310+65312+65314,"8,20",SI,"3,8",,
2.A,Elettrica,Aria/aria,Split/multisplit,VORTICE,VORT ARTIK QUADRI,65320,65329+65329+65329+65310,"8,30",SI,"3,9",,
2.A,Elettrica,Aria/aria,Split/multisplit,VORTICE,VORT ARTIK TRIAL,65320,65312+65312+65312,"8,30",SI,"3,71",,
2.A,Elettrica,Aria/aria,Split/multisplit,VORTICE,VORT ARTIK QUADRI,65320,65329+65329+65329+65312,"8,40",SI,"3,9",,
2.A,Elettrica,Aria/aria,Split/multisplit,VORTICE,VORT ARTIK QUADRI,65320,65329+65329+65310+65310,"8,40",SI,"3,9",,
2.A,Elettrica,Aria/aria,Split/multisplit,VORTICE,VORT ARTIK TRIAL,65320,65312+65312+65314,"8,40",SI,"3,71",,
2.A,Elettrica,Aria/aria,Split/multisplit,VORTICE,VORT ARTIK QUADRI,65320,65329+65329+65310+65312,"8,45",SI,"3,9",,
2.A,Elettrica,Aria/aria,Split/multisplit,VORTICE,VORT ARTIK QUADRI,65320,65329+65310+65310+65310,"8,45",SI,"3,9",,
2.A,Elettrica,Aria/aria,Split/multisplit,VORTICE,VORT ARTIK QUADRI,65320,65329+65329+65329+65314,"8,50",SI,"3,9",,
2.A,Elettrica,Aria/aria,Split/multisplit,VORTICE,VORT ARTIK QUADRI,65320,65329+65329+65312+65312,"8,50",SI,"3,9",,
2.A,Elettrica,Aria/aria,Split/multisplit,VORTICE,VORT ARTIK QUADRI,65320,65329+65310+65310+65312,"8,50",SI,"3,9",,
2.A,Elettrica,Aria/aria,Split/multisplit,VORTICE,VORT ARTIK QUADRI,65320,65310+65310+65310+65310,"8,52",SI,"4,1",,
2.A,Elettrica,Aria/aria,Split/multisplit,VORTICE,VORT ARTIK QUADRI,65320,65329+65329+65310+65314,"8,55",SI,"3,9",,
2.A,Elettrica,Aria/aria,Split/multisplit,VORTICE,VORT ARTIK QUADRI,65320,65310+65310+65310+65312,"8,65",SI,"4,1",,
2.A,Elettrica,Aria/aria,Split/multisplit,VORTICE,VORT ARTIK QUADRI,65320,65310+65310+65312+65312,"8,80",SI,"4,1",,
2.A,Elettrica,Aria/aria,Split/multisplit,VORTICE ELETTROSOCIALI,VORT ARTIK EVO 9,65331,65330,"2,80",SI,"3,76",,
2.A,Elettrica,Aria/aria,Split/multisplit,VORTICE ELETTROSOCIALI,VORT ARTIK EVO 12,65333,65332,"3,65",SI,"3,76",,
2.A,Elettrica,Aria/aria,Split/multisplit,VORTICE ELETTROSOCIALI,VORT ARTIK EVO DUAL,65337,65339 + 65339,"4,80",SI,"4,00",,
2.A,Elettrica,Aria/aria,Split/multisplit,VORTICE ELETTROSOCIALI,VORT ARTIK EVO DUAL,65337,65339 + 65330,"5,00",SI,"4,00",,
2.A,Elettrica,Aria/aria,Split/multisplit,VORTICE ELETTROSOCIALI,VORT ARTIK EVO DUAL,65338,65339 + 65339,"5,00",SI,"4,00",,
2.A,Elettrica,Aria/aria,Split/multisplit,VORTICE ELETTROSOCIALI,VORT ARTIK EVO DUAL,65338,65339 + 65330,"5,10",SI,"4,02",,
2.A,Elettrica,Aria/aria,Split/multisplit,VORTICE ELETTROSOCIALI,VORT ARTIK EVO DUAL,65336,65330 + 65330,"5,20",SI,"3,71",,
2.A,Elettrica,Aria/aria,Split/multisplit,VORTICE ELETTROSOCIALI,VORT ARTIK EVO DUAL,65336,65330 + 65332,"5,40",SI,"3,72",,
2.A,Elettrica,Aria/aria,Split/multisplit,VORTICE ELETTROSOCIALI,VORT ARTIK EVO 18,65335,65334,"5,50",SI,"3,72",,
2.A,Elettrica,Aria/aria,Split/multisplit,VORTICE ELETTROSOCIALI,VORT ARTIK EVO DUAL,65337,65339 + 65332,"5,50",SI,"4,04",,
2.A,Elettrica,Aria/aria,Split/multisplit,VORTICE ELETTROSOCIALI,VORT ARTIK EVO DUAL,65336,65332 + 65332,"5,60",SI,"3,73",,
2.A,Elettrica,Aria/aria,Split/multisplit,VORTICE ELETTROSOCIALI,VORT ARTIK EVO DUAL,65337,65330 + 65330,"5,60",SI,"4,02",,
2.A,Elettrica,Aria/aria,Split/multisplit,VORTICE ELETTROSOCIALI,VORT ARTIK EVO DUAL,65338,65339 + 65332,"5,60",SI,"4,09",,
2.A,Elettrica,Aria/aria,Split/multisplit,VORTICE ELETTROSOCIALI,VORT ARTIK EVO DUAL,65338,65330 + 65330,"5,60",SI,"4,13",,
2.A,Elettrica,Aria/aria,Split/multisplit,VORTICE ELETTROSOCIALI,VORT ARTIK EVO DUAL,65337,65330 + 65332,"5,90",SI,"3,91",,
2.A,Elettrica,Aria/aria,Split/multisplit,VORTICE ELETTROSOCIALI,VORT ARTIK EVO DUAL,65338,65330 + 65332,"6,00",SI,"4,09",,
2.A,Elettrica,Aria/aria,Split/multisplit,VORTICE ELETTROSOCIALI,VORT ARTIK EVO DUAL,65337,65339 + 65334,"6,30",SI,"3,87",,
2.A,Elettrica,Aria/aria,Split/multisplit,VORTICE ELETTROSOCIALI,VORT ARTIK EVO DUAL,65337,65330 + 65334,"6,50",SI,"3,81",,
2.A,Elettrica,Aria/aria,Split/multisplit,VORTICE ELETTROSOCIALI,VORT ARTIK EVO DUAL,65337,65332 + 65332,"6,50",SI,"3,88",,
2.A,Elettrica,Aria/aria,Split/multisplit,VORTICE ELETTROSOCIALI,VORT ARTIK EVO DUAL,65338,65339 + 65334,"6,50",SI,"3,89",,
2.A,Elettrica,Aria/aria,Split/multisplit,VORTICE ELETTROSOCIALI,VORT ARTIK EVO DUAL,65337,65332 + 65334,"6,60",SI,"3,87",,
2.A,Elettrica,Aria/aria,Split/multisplit,VORTICE ELETTROSOCIALI,VORT ARTIK EVO DUAL,65338,65332 + 65332,"6,60",SI,"3,91",,
2.A,Elettrica,Aria/aria,Split/multisplit,VORTICE ELETTROSOCIALI,VORT ARTIK EVO DUAL,65337,65334 + 65334,"6,70",SI,"3,80",,
2.A,Elettrica,Aria/aria,Split/multisplit,VORTICE ELETTROSOCIALI,VORT ARTIK EVO DUAL,65338,65330 + 65334,"6,70",SI,"4,03",,
2.A,Elettrica,Aria/aria,Split/multisplit,VORTICE ELETTROSOCIALI,VORT ARTIK EVO DUAL,65338,65332 + 65334,"6,70",SI,"3,91",,
2.A,Elettrica,Aria/aria,Split/multisplit,VORTICE ELETTROSOCIALI,VORT ARTIK EVO DUAL,65338,65334 + 65334,"6,90",SI,"3,80",,
2.A,Elettrica,Aria/aria,Split/multisplit,VORTICE ELETTROSOCIALI,VORT ARTIK EVO TRIAL,65338,65339 + 65339 + 65339,"6,90",SI,"3,83",,
2.A,Elettrica,Aria/aria,Split/multisplit,VORTICE ELETTROSOCIALI,VORT ARTIK EVO TRIAL,65338,65339 + 65330 + 65330,"7,15",SI,"3,84",,
2.A,Elettrica,Aria/aria,Split/multisplit,VORTICE ELETTROSOCIALI,VORT ARTIK EVO TRIAL,65337,65330 + 65330 + 65330,"7,20",SI,"3,73",,
2.A,Elettrica,Aria/aria,Split/multisplit,VORTICE ELETTROSOCIALI,VORT ARTIK EVO TRIAL,65338,65339 + 65339 + 65330,"7,25",SI,"3,82",,
2.A,Elettrica,Aria/aria,Split/multisplit,VORTICE ELETTROSOCIALI,VORT ARTIK EVO TRIAL,65337,65330 + 65330 + 65332,"7,30",SI,"3,74",,
2.A,Elettrica,Aria/aria,Split/multisplit,VORTICE ELETTROSOCIALI,VORT ARTIK EVO TRIAL,65338,65339 + 65330 + 65332,"7,30",SI,"3,80",,
2.A,Elettrica,Aria/aria,Split/multisplit,VORTICE ELETTROSOCIALI,VORT ARTIK EVO TRIAL,65337,65330 + 65332 + 65332,"7,30",SI,"3,74",,
2.A,Elettrica,Aria/aria,Split/multisplit,VORTICE ELETTROSOCIALI,VORT ARTIK EVO TRIAL,65337,65332 + 65332 + 65332,"7,35",SI,"3,75",,
2.A,Elettrica,Aria/aria,Split/multisplit,VORTICE ELETTROSOCIALI,VORT ARTIK EVO TRIAL,65337,65339 + 65339 + 65332,"7,40",SI,"3,72",,
2.A,Elettrica,Aria/aria,Split/multisplit,VORTICE ELETTROSOCIALI,VORT ARTIK EVO TRIAL,65337,65330 + 65330 + 65334,"7,40",SI,"3,76",,
2.A,Elettrica,Aria/aria,Split/multisplit,VORTICE ELETTROSOCIALI,VORT ARTIK EVO TRIAL,65338,65339 + 65332 + 65332,"7,40",SI,"3,78",,
2.A,Elettrica,Aria/aria,Split/multisplit,VORTICE ELETTROSOCIALI,VORT ARTIK EVO TRIAL,65338,65339 + 65330 + 65334,"7,45",SI,"3,82",,
2.A,Elettrica,Aria/aria,Split/multisplit,VORTICE ELETTROSOCIALI,VORT ARTIK EVO TRIAL,65338,65339 + 65339 + 65332,"7,55",SI,"3,85",,
2.A,Elettrica,Aria/aria,Split/multisplit,VORTICE ELETTROSOCIALI,VORT ARTIK EVO TRIAL,65338,65339 + 65332 + 65334,"7,60",SI,"3,84",,
2.A,Elettrica,Aria/aria,Split/multisplit,VORTICE ELETTROSOCIALI,VORT ARTIK EVO TRIAL,65338,65339 + 65339 + 65334,"7,65",SI,"3,84",,
2.A,Elettrica,Aria/aria,Split/multisplit,VORTICE ELETTROSOCIALI,VORT ARTIK EVO TRIAL,65338,65330 + 65330 + 65330,"7,70",SI,"3,97",,
2.A,Elettrica,Aria/aria,Split/multisplit,VORTICE ELETTROSOCIALI,VORT ARTIK EVO TRIAL,65338,65330 + 65330 + 65332,"7,90",SI,"3,96",,
2.A,Elettrica,Aria/aria,Split/multisplit,VORTICE ELETTROSOCIALI,VORT ARTIK EVO TRIAL,65338,65330 + 65330 + 65334,"8,00",SI,"3,84",,
2.A,Elettrica,Aria/aria,Split/multisplit,VORTICE ELETTROSOCIALI,VORT ARTIK EVO TRIAL,65338,65330 + 65332 + 65332,"8,00",SI,"3,84",,
2.A,Elettrica,Aria/aria,Split/multisplit,VORTICE ELETTROSOCIALI,VORT ARTIK EVO TRIAL,65338,65330 + 65332 + 65334,"8,20",SI,"3,83",,
2.A,Elettrica,Aria/aria,Split/multisplit,VORTICE ELETTROSOCIALI,VORT ARTIK QUADRI EVO,65338,65339 + 65339 + 65339 + 65339,"8,20",SI,"3,90",,
2.A,Elettrica,Aria/aria,Split/multisplit,VORTICE ELETTROSOCIALI,VORT ARTIK QUADRI EVO,65338,65339 + 65339 + 65339 + 65330,"8,30",SI,"3,91",,
2.A,Elettrica,Aria/aria,Split/multisplit,VORTICE ELETTROSOCIALI,VORT ARTIK EVO TRIAL,65338,65332 + 65332 + 65334,"8,40",SI,"3,72",,
2.A,Elettrica,Aria/aria,Split/multisplit,VORTICE ELETTROSOCIALI,VORT ARTIK QUADRI EVO,65338,65339 + 65339 + 65339 + 65332,"8,40",SI,"3,91",,
2.A,Elettrica,Aria/aria,Split/multisplit,VORTICE ELETTROSOCIALI,VORT ARTIK QUADRI EVO,65338,65339 + 65339 + 65330 + 65330,"8,40",SI,"3,91",,
2.A,Elettrica,Aria/aria,Split/multisplit,VORTICE ELETTROSOCIALI,VORT ARTIK QUADRI EVO,65338,65339 + 65339 + 65330 + 65332,"8,45",SI,"3,91",,
2.A,Elettrica,Aria/aria,Split/multisplit,VORTICE ELETTROSOCIALI,VORT ARTIK QUADRI EVO,65338,65339 + 65330 + 65330 + 65330,"8,45",SI,"3,92",,
2.A,Elettrica,Aria/aria,Split/multisplit,VORTICE ELETTROSOCIALI,VORT ARTIK QUADRI EVO,65338,65339 + 65339 + 65339 + 65334,"8,50",SI,"3,90",,
2.A,Elettrica,Aria/aria,Split/multisplit,VORTICE ELETTROSOCIALI,VORT ARTIK QUADRI EVO,65338,65339 + 65339 + 65332 + 65332,"8,50",SI,"3,91",,
2.A,Elettrica,Aria/aria,Split/multisplit,VORTICE ELETTROSOCIALI,VORT ARTIK QUADRI EVO,65338,65339 + 65330 + 65330 + 65332,"8,50",SI,"3,92",,
2.A,Elettrica,Aria/aria,Split/multisplit,VORTICE ELETTROSOCIALI,VORT ARTIK QUADRI EVO,65338,65330 + 65330 + 65330 + 65330,"8,52",SI,"4,06",,
2.A,Elettrica,Aria/aria,Split/multisplit,VORTICE ELETTROSOCIALI,VORT ARTIK QUADRI EVO,65338,65339 + 65339 + 65330 + 65334,"8,55",SI,"3,91",,
2.A,Elettrica,Aria/aria,Split/multisplit,VORTICE ELETTROSOCIALI,VORT ARTIK QUADRI EVO,65338,65339 + 65330 + 65332 + 65332,"8,55",SI,"3,91",,
2.A,Elettrica,Aria/aria,Split/multisplit,VORTICE ELETTROSOCIALI,VORT ARTIK QUADRI EVO,65338,65330 + 65330 + 65330 + 65332,"8,65",SI,"4,08",,
2.A,Elettrica,Aria/aria,Split/multisplit,VORTICE ELETTROSOCIALI,VORT ARTIK QUADRI EVO,65338,65330 + 65330 + 65332 + 65332,"8,80",SI,"4,09",,
2.A,Elettrica,Acqua/acqua,PDC ad acqua di falda/acqua,WEISHAUPT ITALIA,WWP W 10 ID,,-,"9,60",NO,"5,90",,
2.A,Elettrica,Acqua/acqua,PDC ad acqua di falda/acqua,WEISHAUPT ITALIA,WWP W 14 ID,,-,"13,30",NO,"6,10",,
2.A,Elettrica,Acqua/acqua,PDC ad acqua di falda/acqua,WEISHAUPT ITALIA,WWP W 18 ID,,-,"17,10",NO,"5,80",,
2.A,Elettrica,Acqua/acqua,PDC ad acqua di falda/acqua,WEISHAUPT ITALIA,WWP W 22 ID,,-,"22,30",NO,"5,70",,
2.A,Elettrica,Aria/acqua,Aria/acqua,WEISHAUPT ITALIA,WWP LB 12-A R,,-,"4,93",SI,"5,00",,
2.A,Elettrica,Aria/acqua,Aria/acqua,WEISHAUPT ITALIA,WWP LS 8-B R-E,,-,"7,94",SI,"4,72",,
2.A,Elettrica,Aria/acqua,Aria/acqua,WEISHAUPT ITALIA,WWP LS 8-B R-E-K,,-,"7,94",SI,"4,72",,
2.A,Elettrica,Aria/acqua,Aria/acqua,WEISHAUPT ITALIA,WWP L 18 AD,,-,"8,40",NO,"4,80",,
2.A,Elettrica,Aria/acqua,Aria/acqua,WEISHAUPT ITALIA,WWP L 18 ADR,,-,"8,40",NO,"4,80",,
2.A,Elettrica,Aria/acqua,Aria/acqua,WEISHAUPT ITALIA,WWP L 9 AD,,-,"8,40",NO,"4,80",,
2.A,Elettrica,Aria/acqua,Aria/acqua,WEISHAUPT ITALIA,WWP L 9 ADR,,-,"8,40",NO,"4,80",,
2.A,Elettrica,Aria/acqua,Aria/acqua,WEISHAUPT ITALIA,WWP L 9 ID,,-,"8,50",NO,"4,70",,
2.A,Elettrica,Aria/acqua,Aria/acqua,WEISHAUPT ITALIA,WWP LS 10-B R,,-,"10,23",SI,"4,95",,
2.A,Elettrica,Aria/acqua,Aria/acqua,WEISHAUPT ITALIA,WWP LS 10-B R-K,,-,"10,23",SI,"4,95",,
2.A,Elettrica,Aria/acqua,Aria/acqua,WEISHAUPT ITALIA,WWP LB 12-A R,WWP LB 12-A R unità esterna,WWP LB 12-A R unità interna,"10,70",SI,"4,80",,
2.A,Elettrica,Aria/acqua,Aria/acqua,WEISHAUPT ITALIA,WWP LS 10-B R-E,,-,"10,90",SI,"4,62",,
2.A,Elettrica,Aria/acqua,Aria/acqua,WEISHAUPT ITALIA,WWP LS 10-B R-E-K,,-,"10,90",SI,"4,62",,
2.A,Elettrica,Aria/acqua,Aria/acqua,WEISHAUPT ITALIA,WWP L 12 AD,,-,"11,30",NO,"4,70",,
2.A,Elettrica,Aria/acqua,Aria/acqua,WEISHAUPT ITALIA,WWP L 12 ADR,,-,"11,30",NO,"4,70",,
2.A,Elettrica,Aria/acqua,Aria/acqua,WEISHAUPT ITALIA,WWP L 12 ID,,-,"11,50",NO,"4,80",,
2.A,Elettrica,Aria/acqua,Aria/acqua,WEISHAUPT ITALIA,WWP LS 13-B R,,-,"11,70",SI,"4,54",,
2.A,Elettrica,Aria/acqua,Aria/acqua,WEISHAUPT ITALIA,WWP LS 13-B R-E,,-,"12,83",SI,"4,12",,
2.A,Elettrica,Aria/acqua,Aria/acqua,WEISHAUPT ITALIA,WWP LS 16-B R,,-,"15,70",SI,"4,17",,
2.A,Elettrica,Aria/acqua,Aria/acqua,WEISHAUPT ITALIA,WWP LB 20-A R,WWP LB 20-A R unità esterna,WWP LB 20-A R unità interna,"18,50",SI,"5,00",,
2.A,Elettrica,Aria/acqua,Aria/acqua,WEISHAUPT ITALIA,WWP L 25 A-2,,-,"24,50",NO,"4,30",,
2.A,Elettrica,Aria/acqua,Aria/acqua,WEISHAUPT ITALIA,WWP L 25 A,,-,"26,10",NO,"4,40",,
2.A,Elettrica,Aria/acqua,Aria/acqua,WEISHAUPT ITALIA,WWP L 35 AR,,-,"30,20",NO,"4,50",,
2.A,Elettrica,Aria/acqua,Aria/acqua,WEISHAUPT ITALIA,WWP L 40 A-2,,-,"32,70",NO,"4,10",,
2.A,Elettrica,Salamoia/acqua,geotermiche suolo/acqua a circuito chiuso e sviluppo verticale,WEISHAUPT ITALIA,WWP S 6 ID,,-,"6,10",NO,"4,70",,
2.A,Elettrica,Salamoia/acqua,geotermiche suolo/acqua a circuito chiuso e sviluppo verticale,WEISHAUPT ITALIA,WWP S 8 ID,,-,"8,10",NO,"4,80",,
2.A,Elettrica,Salamoia/acqua,geotermiche suolo/acqua a circuito chiuso e sviluppo verticale,WEISHAUPT ITALIA,WWP S 11 ID,,-,"10,90",NO,"4,90",,
2.A,Elettrica,Salamoia/acqua,geotermiche suolo/acqua a circuito chiuso e sviluppo verticale,WEISHAUPT ITALIA,WWP S 14 ID,,-,"13,90",NO,"5,00",,
2.A,Elettrica,Salamoia/acqua,geotermiche suolo/acqua a circuito chiuso e sviluppo verticale,WEISHAUPT ITALIA,WWP S 18 ID,,-,"17,50",NO,"4,70",,
2.A,Elettrica,Salamoia/acqua,geotermiche suolo/acqua a circuito chiuso e sviluppo verticale,WEISHAUPT ITALIA,WWP S 22 IB,,-,"22,90",NO,"4,40",,
2.A,Elettrica,Salamoia/acqua,geotermiche suolo/acqua a circuito chiuso e sviluppo verticale,WEISHAUPT ITALIA,WWP S 26 ID,,-,"26,70",NO,"4,90",,
2.A,Elettrica,Salamoia/acqua,geotermiche suolo/acqua a circuito chiuso e sviluppo verticale,WEISHAUPT ITALIA,WWP S 35 IDR,,-,"33,70",NO,"4,60",,
2.A,Elettrica,Salamoia/acqua,geotermiche suolo/acqua a circuito chiuso e sviluppo verticale,WEISHAUPT ITALIA,WWP S 35 ID,,-,"34,80",NO,"4,80",,
2.A,Elettrica,aria/acqua,aria/acqua,Wolf,FHA-Monoblocco,FHA-05/06-230V-M2,FS-B2,"6,17",SI,"4,94",,
2.A,Elettrica,aria/acqua,aria/acqua,Wolf,FHA-Monoblocco,FHA-05/06-230V-M2,FS-E6-B2,"6,17",SI,"4,94",,
2.A,Elettrica,aria/acqua,aria/acqua,Wolf,FHA Center,FHA-05/06-230V-M2,FC-200-e6-B2,"6,17",SI,"4,94",,
2.A,Elettrica,aria/acqua,aria/acqua,Wolf,FHA Center,FHA-05/06-230V-M2,FC-200-R35-e6-B2,"6,17",SI,"4,94",,
2.A,Elettrica,aria/acqua,aria/acqua,Wolf,FHA Center,FHA-05/06-230V-M2,FC-300-e6-B2,"6,17",SI,"4,94",,
2.A,Elettrica,aria/acqua,aria/acqua,Wolf,FHA Center,FHA-05/06-230V-M2,FC-300-R50-e6-B2,"6,17",SI,"4,94",,
2.A,Elettrica,aria/acqua,aria/acqua,Wolf,FHA Center,FHA-05/06-230V-M2,FC-300-S50-e6-B2,"6,17",SI,"4,94",,
2.A,Elettrica,aria/acqua,aria/acqua,Wolf,CHA-Monoblocco,CHA-Monoblocco 07-400V - 9146797,9146808,"7,00",SI,"5,10",,
2.A,Elettrica,aria/acqua,aria/acqua,Wolf,CHC_Monoblocco,CHA_Monoblocco 07/200-400V - 9146797,9146808,"7,00",SI,"5,10",,
2.A,Elettrica,aria/acqua,aria/acqua,Wolf,CHC_Monoblocco,CHA_Monoblocco 07/200-35-400V - 9146797,9146808,"7,00",SI,"5,10",,
2.A,Elettrica,aria/acqua,aria/acqua,Wolf,CHC_Monoblocco,CHA_Monoblocco 07/300-400V - 9146797,9146808,"7,00",SI,"5,10",,
2.A,Elettrica,aria/acqua,aria/acqua,Wolf,CHC_Monoblocco,CHA_Monoblocco 07/300-50-400V - 9146797,9146808,"7,00",SI,"5,10",,
2.A,Elettrica,aria/acqua,aria/acqua,Wolf,CHC_Monoblocco,CHA_Monoblocco 07/300-50S-400V - 9146797,9146808,"7,00",SI,"5,10",,
2.A,Elettrica,aria/acqua,aria/acqua,Wolf,FHA-Monoblocco,FHA-06/07-230V-M2,FS-B2,"7,66",SI,"4,81",,
2.A,Elettrica,aria/acqua,aria/acqua,Wolf,FHA-Monoblocco,FHA-06/07-230V-M2,FS-E6-B2,"7,66",SI,"4,81",,
2.A,Elettrica,aria/acqua,aria/acqua,Wolf,FHA Center,FHA-06/07-230V-M2,FC-200-e6-B2,"7,66",SI,"4,81",,
2.A,Elettrica,aria/acqua,aria/acqua,Wolf,FHA Center,FHA-06/07-230V-M2,FC-200-R35-e6-B2,"7,66",SI,"4,81",,
2.A,Elettrica,aria/acqua,aria/acqua,Wolf,FHA Center,FHA-06/07-230V-M2,FC-300-e6-B2,"7,66",SI,"4,81",,
2.A,Elettrica,aria/acqua,aria/acqua,Wolf,FHA Center,FHA-06/07-230V-M2,FC-300-R50-e6-B2,"7,66",SI,"4,81",,
2.A,Elettrica,aria/acqua,aria/acqua,Wolf,FHA Center,FHA-06/07-230V-M2,FC-300-S50-e6-B2,"7,66",SI,"4,81",,
2.A,Elettrica,aria/acqua,aria/acqua,Wolf,CHA-Monoblocco,CHA-Monoblocco 10-400V - 9146798,9146808,"10,10",SI,"5,10",,
2.A,Elettrica,aria/acqua,aria/acqua,Wolf,CHC_Monoblocco,CHA_Monoblocco 10/200-400V - 9146798,9146808,"10,10",SI,"5,10",,
2.A,Elettrica,aria/acqua,aria/acqua,Wolf,CHC_Monoblocco,CHA_Monoblocco 10/200-35-400V - 9146798,9146808,"10,10",SI,"5,10",,
2.A,Elettrica,aria/acqua,aria/acqua,Wolf,CHC_Monoblocco,CHA_Monoblocco 10/300-400V - 9146798,9146808,"10,10",SI,"5,10",,
2.A,Elettrica,aria/acqua,aria/acqua,Wolf,CHC_Monoblocco,CHA_Monoblocco 10/300-50-400V - 9146798,9146808,"10,10",SI,"5,10",,
2.A,Elettrica,aria/acqua,aria/acqua,Wolf,CHC_Monoblocco,CHA_Monoblocco 10/300-50S-400V - 9146798,9146808,"10,10",SI,"5,10",,
2.A,Elettrica,aria/acqua,aria/acqua,Wolf,FHA-Monoblocco,FHA-08/10-230V-M2,FS-B2,"10,73",SI,"4,69",,
2.A,Elettrica,aria/acqua,aria/acqua,Wolf,FHA-Monoblocco,FHA-08/10-230V-M2,FS-E6-B2,"10,73",SI,"4,69",,
2.A,Elettrica,aria/acqua,aria/acqua,Wolf,FHA Center,FHA-08/10-230V-M2,FC-200-e6-B2,"10,73",SI,"4,69",,
2.A,Elettrica,aria/acqua,aria/acqua,Wolf,FHA Center,FHA-08/10-230V-M2,FC-200-R35-e6-B2,"10,73",SI,"4,69",,
2.A,Elettrica,aria/acqua,aria/acqua,Wolf,FHA Center,FHA-08/10-230V-M2,FC-300-e6-B2,"10,73",SI,"4,69",,
2.A,Elettrica,aria/acqua,aria/acqua,Wolf,FHA Center,FHA-08/10-230V-M2,FC-300-R50-e6-B2,"10,73",SI,"4,69",,
2.A,Elettrica,aria/acqua,aria/acqua,Wolf,FHA Center,FHA-08/10-230V-M2,FC-300-S50-e6-B2,"10,73",SI,"4,69",,
2.A,Elettrica,aria/acqua,aria/acqua,Wolf,FHA-Monoblocco,FHA-11/14-400V-M2,FS-C2,"14,65",SI,"4,41",,
2.A,Elettrica,aria/acqua,aria/acqua,Wolf,FHA Center,FHA-11/14-400V-M2,FC-200-e6-C2,"14,65",SI,"4,41",,
2.A,Elettrica,aria/acqua,aria/acqua,Wolf,FHA Center,FHA-11/14-400V-M2,FC-200-R35-e6-C2,"14,65",SI,"4,41",,
2.A,Elettrica,aria/acqua,aria/acqua,Wolf,FHA-Monoblocco,FHA-14/17-230V-M2,FS-C2,"16,98",SI,"4,17",,
2.A,Elettrica,aria/acqua,aria/acqua,Wolf,FHA-Monoblocco,FHA-14/17-230V-M2,FS-E6-C2,"16,98",SI,"4,17",,
2.A,Elettrica,aria/acqua,aria/acqua,Wolf,FHA Center,FHA-14/17-230V-M2,FC-300-S50-e6-C2,"16,98",SI,"4,17",,
2.A,Elettrica,aria/acqua,aria/acqua,Wolf,FHA-Monoblocco,FHA-14/17-400V-M2,FS-C2,"17,02",SI,"4,17",,
2.A,Elettrica,aria/acqua,aria/acqua,Wolf,FHA-Monoblocco,FHA-14/17-400V-M2,FS-E6-C2,"17,02",SI,"4,17",,
2.A,Elettrica,aria/acqua,aria/acqua,Wolf,FHA Center,FHA-14/17-400V-M2,FC-300-S50-e6-C2,"17,02",SI,"4,17",,
2.A,Elettrica,aria/acqua,aria/acqua,Wolf,CHA-Monoblocco,CHA-16/20-400V-M2,CS-e9-C2,"20,00",SI,"4,50",,
2.A,Elettrica,aria/acqua,aria/acqua,Wolf,CHA-Monoblocco,CHA-16/20-400V-M2,CS-C2,"20,00",SI,"4,50",,
2.A,Elettrica,aria/acqua,aria/acqua,Wolf,CHC_Monoblocco,CHA CENTER-16/20-400V-M2,CC-300-S50-e9-C2,"20,00",SI,"4,50",,
